Name,Current_Location,Age,Past_Travel_Destinations,Number_of_Trips,Flight_Number,Departure_City,Arrival_City,Flight_Date
Stephen Walker,Honolulu,20,"Orlando, Miami, Phoenix, Chicago",4,T6387,Honolulu,Orlando,19/05/2024
,,,,,B8212,Honolulu,Miami,02/05/2023
,,,,,I7809,Honolulu,Phoenix,20/02/2024
,,,,,U3713,Honolulu,Chicago,04/09/2022
Colton Fisher,Richmond,64,"San Diego, Houston",2,K7844,Richmond,San Diego,24/11/2022
,,,,,Y7549,Richmond,Houston,01/12/2022
Aimee Alexander,St. Petersburg,60,"Bratislava, Geneva",2,M5530,St. Petersburg,Bratislava,28/01/2024
,,,,,H9252,St. Petersburg,Geneva,10/05/2023
Jacob Peterson,Munich,57,Rome,1,Q7369,Munich,Rome,26/10/2022
Rachel Mosley,San Jose,60,"Savannah, Santa Fe, Sedona",3,M2750,San Jose,Savannah,17/05/2023
,,,,,N5855,San Jose,Santa Fe,11/07/2023
,,,,,T6282,San Jose,Sedona,10/09/2022
Angela Cooper,Barcelona,27,"Zurich, Seville, Moscow, Valencia, Edinburgh",5,I3395,Barcelona,Zurich,28/08/2022
,,,,,M2590,Barcelona,Seville,19/03/2024
,,,,,T2174,Barcelona,Moscow,23/12/2023
,,,,,A3991,Barcelona,Valencia,28/02/2024
,,,,,V3735,Barcelona,Edinburgh,06/05/2024
Traci Potter,New York,43,"Savannah, San Jose, New Orleans, Tampa",4,X4351,New York,Savannah,10/07/2023
,,,,,O7887,New York,San Jose,13/01/2023
,,,,,C3426,New York,New Orleans,09/12/2023
,,,,,W4955,New York,Tampa,10/08/2023
Erica Vargas,Marseille,62,"Florence, Milan, Edinburgh, Amsterdam",4,W4747,Marseille,Florence,14/07/2023
,,,,,G3313,Marseille,Milan,13/06/2024
,,,,,O8623,Marseille,Edinburgh,19/04/2024
,,,,,G1283,Marseille,Amsterdam,09/11/2022
Brian Stone,Salt Lake City,49,"Dallas, Las Vegas, Baltimore, San Diego, Scottsdale",5,T9776,Salt Lake City,Dallas,11/12/2022
,,,,,M1127,Salt Lake City,Las Vegas,15/10/2023
,,,,,Y7546,Salt Lake City,Baltimore,14/03/2023
,,,,,V4427,Salt Lake City,San Diego,02/12/2023
,,,,,W4892,Salt Lake City,Scottsdale,03/06/2024
Henry Roberts,Munich,43,"St. Louis, Prague, Edinburgh",3,O1359,Munich,St. Louis,18/11/2023
,,,,,D3150,Munich,Prague,09/08/2024
,,,,,J5308,Munich,Edinburgh,29/01/2023
Anthony Smith,Helsinki,38,Prague,1,F9467,Helsinki,Prague,21/03/2024
Matthew Warren,Oklahoma City,60,"Savannah, Atlanta, Cincinnati, Fort Lauderdale, Los Angeles",5,W6737,Oklahoma City,Savannah,21/01/2023
,,,,,J2285,Oklahoma City,Atlanta,13/06/2024
,,,,,T8650,Oklahoma City,Cincinnati,23/12/2023
,,,,,L7223,Oklahoma City,Fort Lauderdale,16/06/2023
,,,,,X5209,Oklahoma City,Los Angeles,11/07/2024
Steven Powers,Providence,42,Los Angeles,1,U3396,Providence,Los Angeles,19/05/2024
Leslie Delgado,Washington,53,"Richmond, Houston, Atlanta, Warsaw",4,T9194,Washington,Richmond,08/09/2022
,,,,,D6618,Washington,Houston,07/05/2023
,,,,,I3905,Washington,Atlanta,26/10/2022
,,,,,N6031,Washington,Warsaw,05/03/2024
Angela Diaz,Savannah,75,"Boston, Nice, Sacramento, St. Louis",4,F8357,Savannah,Boston,19/07/2024
,,,,,N9843,Savannah,Nice,20/12/2022
,,,,,S9250,Savannah,Sacramento,08/11/2022
,,,,,W2459,Savannah,St. Louis,05/01/2024
Derrick Sparks,Baltimore,64,Valencia,1,K8043,Baltimore,Valencia,03/06/2023
Marc Alexander,Venice,19,"Warsaw, Brussels, Oslo, St. Petersburg",4,G2409,Venice,Warsaw,02/10/2022
,,,,,Q1009,Venice,Brussels,13/10/2023
,,,,,H3054,Venice,Oslo,20/03/2024
,,,,,V7942,Venice,St. Petersburg,03/06/2023
Paul Wagner,Barcelona,50,"Geneva, Malaga, Rome, Gothenburg, Geneva",5,B7891,Barcelona,Geneva,19/09/2023
,,,,,W4661,Barcelona,Malaga,09/01/2023
,,,,,B7714,Barcelona,Rome,14/12/2022
,,,,,L8215,Barcelona,Gothenburg,19/11/2022
,,,,,Y5945,Barcelona,Geneva,05/12/2023
Jeffrey Smith,Istanbul,41,"Krakow, Bordeaux",2,J5269,Istanbul,Krakow,21/12/2022
,,,,,M9568,Istanbul,Bordeaux,23/01/2023
Melissa Schmidt,Venice,33,Luxembourg,1,N7151,Venice,Luxembourg,12/08/2024
Thomas Acosta,Florence,47,St. Petersburg,1,R2717,Florence,St. Petersburg,19/05/2024
Matthew Kerr,Phoenix,38,Atlanta,1,H9665,Phoenix,Atlanta,11/05/2024
Elizabeth Ball,Sacramento,20,Dallas,1,F9689,Sacramento,Dallas,25/11/2022
Jason Thomas,Bergen,52,"Venice, Munich, Baltimore, Nice",4,H6413,Bergen,Venice,26/01/2024
,,,,,W9924,Bergen,Munich,21/11/2023
,,,,,V8691,Bergen,Baltimore,16/04/2024
,,,,,U2828,Bergen,Nice,12/11/2023
Thomas Ray,Vienna,36,"Warsaw, Amsterdam",2,K3927,Vienna,Warsaw,24/11/2023
,,,,,B3419,Vienna,Amsterdam,05/05/2024
Angela Williams,Amsterdam,32,Edinburgh,1,G6766,Amsterdam,Edinburgh,14/12/2023
Janice Weber,San Jose,38,"Baltimore, St. Louis, Charlotte, Oklahoma City, Austin",5,A9540,San Jose,Baltimore,12/05/2023
,,,,,S7951,San Jose,St. Louis,14/12/2022
,,,,,W1683,San Jose,Charlotte,08/08/2024
,,,,,Q5904,San Jose,Oklahoma City,17/05/2023
,,,,,I4228,San Jose,Austin,29/05/2024
Trevor Bowman,Savannah,46,"New York, Savannah",2,B9233,Savannah,New York,27/02/2024
,,,,,T5151,Savannah,Savannah,28/04/2024
Christina Hamilton,Boston,21,Seattle,1,Y5350,Boston,Seattle,13/11/2023
Jessica Salazar,Salt Lake City,44,"Austin, Oklahoma City, Salt Lake City, Lisbon, San Jose",5,Y9536,Salt Lake City,Austin,30/09/2022
,,,,,N6208,Salt Lake City,Oklahoma City,21/03/2023
,,,,,Q1762,Salt Lake City,Salt Lake City,02/01/2024
,,,,,D9034,Salt Lake City,Lisbon,02/04/2023
,,,,,A1434,Salt Lake City,San Jose,16/10/2023
Jessica Foster,Nashville,73,"San Antonio, Providence",2,L4530,Nashville,San Antonio,18/11/2023
,,,,,M3926,Nashville,Providence,11/05/2023
Christine Cole,Seattle,43,"San Antonio, Philadelphia, Newport, Philadelphia, San Antonio",5,Z5107,Seattle,San Antonio,06/02/2024
,,,,,S5103,Seattle,Philadelphia,08/04/2023
,,,,,D4508,Seattle,Newport,21/01/2023
,,,,,M1884,Seattle,Philadelphia,15/06/2024
,,,,,P4979,Seattle,San Antonio,17/03/2024
Stephanie Alvarez,Helsinki,58,"Milan, Minneapolis",2,M7375,Helsinki,Milan,21/01/2023
,,,,,T6947,Helsinki,Minneapolis,30/03/2024
Kristina Miller,Orlando,29,"Charleston, Portland, Asheville, Bratislava, Richmond",5,P6347,Orlando,Charleston,03/06/2023
,,,,,X2723,Orlando,Portland,15/07/2024
,,,,,N6907,Orlando,Asheville,13/12/2022
,,,,,R8851,Orlando,Bratislava,04/12/2023
,,,,,I2779,Orlando,Richmond,31/07/2023
Brian Adams,San Francisco,72,"Seattle, Indianapolis, Boston, Reykjavik",4,J1075,San Francisco,Seattle,26/06/2024
,,,,,Y6690,San Francisco,Indianapolis,18/10/2022
,,,,,C5354,San Francisco,Boston,13/01/2024
,,,,,V6232,San Francisco,Reykjavik,22/03/2023
Jessica Nichols,Baltimore,68,"Dallas, Pittsburgh, Sacramento, Fort Lauderdale, Washington",5,O4462,Baltimore,Dallas,12/05/2023
,,,,,R6751,Baltimore,Pittsburgh,29/04/2023
,,,,,W4733,Baltimore,Sacramento,08/05/2024
,,,,,X2100,Baltimore,Fort Lauderdale,08/08/2023
,,,,,E9220,Baltimore,Washington,24/10/2023
Mark Foster,Nice,26,"Bologna, Malaga",2,C2211,Nice,Bologna,25/04/2024
,,,,,Q2971,Nice,Malaga,10/10/2023
Heather Hoffman,Florence,30,"Bologna, Phoenix, Reykjavik",3,I8112,Florence,Bologna,21/03/2024
,,,,,H1016,Florence,Phoenix,30/07/2024
,,,,,E4082,Florence,Reykjavik,07/06/2023
Maurice Tyler,Florence,45,"Nice, Dubrovnik, St. Petersburg, Reykjavik, Cologne",5,T3404,Florence,Nice,21/08/2023
,,,,,A1003,Florence,Dubrovnik,17/07/2023
,,,,,H4954,Florence,St. Petersburg,21/07/2023
,,,,,B3057,Florence,Reykjavik,01/06/2024
,,,,,M8001,Florence,Cologne,30/03/2023
Chelsea Larson,Venice,62,"Copenhagen, Stockholm, Berlin",3,K8609,Venice,Copenhagen,26/05/2023
,,,,,P2529,Venice,Stockholm,17/11/2022
,,,,,R4671,Venice,Berlin,18/04/2023
Christopher Harrington,Atlanta,63,"Phoenix, Phoenix",2,A6368,Atlanta,Phoenix,15/06/2023
,,,,,X6326,Atlanta,Phoenix,08/11/2023
Rachel Wilson,Barcelona,22,"Gothenburg, Luxembourg",2,F4739,Barcelona,Gothenburg,08/07/2024
,,,,,J1248,Barcelona,Luxembourg,30/04/2023
Eddie Walton,Edinburgh,52,"Madrid, Bratislava, Paris",3,Y1306,Edinburgh,Madrid,04/08/2024
,,,,,D4032,Edinburgh,Bratislava,26/04/2024
,,,,,A6943,Edinburgh,Paris,03/04/2024
Brenda Price,Lisbon,28,"Edinburgh, Berlin, Marseille, Geneva, Milan",5,O1926,Lisbon,Edinburgh,04/01/2024
,,,,,F7809,Lisbon,Berlin,27/12/2022
,,,,,W2576,Lisbon,Marseille,01/11/2023
,,,,,C1077,Lisbon,Geneva,19/06/2024
,,,,,T6305,Lisbon,Milan,20/02/2023
Kevin Garcia,Venice,38,"Marseille, Bergen, Lyon",3,I1055,Venice,Marseille,30/05/2024
,,,,,T5335,Venice,Bergen,08/03/2023
,,,,,J8682,Venice,Lyon,07/10/2022
Kristin Blankenship,Kansas City,67,Philadelphia,1,N9280,Kansas City,Philadelphia,17/10/2022
Donald Graham,Warsaw,22,"Rome, Geneva",2,M8398,Warsaw,Rome,05/07/2024
,,,,,P9316,Warsaw,Geneva,07/06/2023
Joshua Coleman,Pittsburgh,32,"St. Louis, Scottsdale, Providence, Sacramento",4,X4529,Pittsburgh,St. Louis,15/03/2024
,,,,,Q6231,Pittsburgh,Scottsdale,10/05/2024
,,,,,G5268,Pittsburgh,Providence,04/12/2023
,,,,,P6685,Pittsburgh,Sacramento,13/08/2024
Samuel Davis,Moscow,47,"Geneva, Copenhagen, Bordeaux",3,A9265,Moscow,Geneva,04/01/2024
,,,,,B6568,Moscow,Copenhagen,07/12/2022
,,,,,G7203,Moscow,Bordeaux,29/09/2022
Kevin Ramirez,St. Petersburg,59,"Dublin, Dublin",2,F8136,St. Petersburg,Dublin,18/12/2023
,,,,,Y5939,St. Petersburg,Dublin,05/02/2023
Lauren Rivera,Santa Fe,20,"San Francisco, Orlando, San Jose, Santa Fe, Seattle",5,R6925,Santa Fe,San Francisco,25/01/2023
,,,,,W3226,Santa Fe,Orlando,22/09/2022
,,,,,Q9497,Santa Fe,San Jose,22/03/2024
,,,,,Y6671,Santa Fe,Santa Fe,23/06/2023
,,,,,K2750,Santa Fe,Seattle,24/05/2023
Matthew Brock,Savannah,52,Key West,1,M7065,Savannah,Key West,03/05/2023
Jordan Moore,Berlin,72,"Dublin, Munich, Bratislava",3,E7022,Berlin,Dublin,20/10/2022
,,,,,F6727,Berlin,Munich,28/09/2022
,,,,,W5821,Berlin,Bratislava,07/08/2023
James Hamilton,Salt Lake City,33,"San Francisco, Providence, San Francisco",3,Z2769,Salt Lake City,San Francisco,02/11/2022
,,,,,O7018,Salt Lake City,Providence,11/07/2023
,,,,,A6521,Salt Lake City,San Francisco,27/07/2023
Robert Mcmillan,Milan,53,"Istanbul, Florence, Marseille, Reykjavik",4,R4380,Milan,Istanbul,12/10/2023
,,,,,P9617,Milan,Florence,14/10/2022
,,,,,X5767,Milan,Marseille,20/01/2023
,,,,,B5408,Milan,Reykjavik,13/09/2023
Justin Carpenter,Cincinnati,52,"Pittsburgh, Sedona, Chicago",3,C2684,Cincinnati,Pittsburgh,21/02/2024
,,,,,H1428,Cincinnati,Sedona,18/02/2024
,,,,,V8682,Cincinnati,Chicago,08/10/2022
Mr. Donald Collins DDS,Naples,34,"Edinburgh, Bordeaux, Berlin, Oslo",4,H2597,Naples,Edinburgh,24/06/2023
,,,,,I5247,Naples,Bordeaux,05/10/2022
,,,,,K1740,Naples,Berlin,03/10/2023
,,,,,L9206,Naples,Oslo,03/07/2024
Rebecca Davis,Boston,34,"Salt Lake City, Savannah",2,S6728,Boston,Salt Lake City,13/06/2023
,,,,,Y3897,Boston,Savannah,30/09/2022
Crystal Smith,New Orleans,43,"Las Vegas, Salt Lake City, Baltimore, Philadelphia",4,E1079,New Orleans,Las Vegas,15/11/2022
,,,,,E5757,New Orleans,Salt Lake City,05/02/2023
,,,,,Y3797,New Orleans,Baltimore,01/08/2023
,,,,,R3762,New Orleans,Philadelphia,25/07/2023
Cameron Armstrong,Las Vegas,66,"Sacramento, Portland",2,B6124,Las Vegas,Sacramento,03/12/2023
,,,,,Q2611,Las Vegas,Portland,08/03/2024
David Brady,St. Louis,67,Sacramento,1,G8519,St. Louis,Sacramento,20/03/2024
Melissa Taylor,Asheville,53,"Providence, Key West, Jacksonville, Charleston, Fort Lauderdale",5,X6791,Asheville,Providence,31/03/2023
,,,,,S9516,Asheville,Key West,18/06/2023
,,,,,X8947,Asheville,Jacksonville,11/01/2023
,,,,,S1614,Asheville,Charleston,14/10/2022
,,,,,Q3826,Asheville,Fort Lauderdale,07/01/2023
Teresa Taylor,Vienna,45,"Munich, Brussels",2,W2162,Vienna,Munich,11/03/2024
,,,,,K3691,Vienna,Brussels,04/03/2024
Jeffrey Rogers,Vienna,38,"Dubrovnik, Rome, Geneva, Tallinn, Dublin",5,Z3822,Vienna,Dubrovnik,03/09/2023
,,,,,K8152,Vienna,Rome,28/05/2023
,,,,,K3291,Vienna,Geneva,18/03/2023
,,,,,W9020,Vienna,Tallinn,15/09/2022
,,,,,J3752,Vienna,Dublin,10/09/2023
Dorothy Henderson,Zurich,24,"Barcelona, Bergen, Edinburgh, Reykjavik",4,U5844,Zurich,Barcelona,25/03/2023
,,,,,C6187,Zurich,Bergen,25/02/2023
,,,,,U8392,Zurich,Edinburgh,29/07/2023
,,,,,B4623,Zurich,Reykjavik,25/02/2024
Tyler Benson,Naples,56,"Geneva, Lyon, Lisbon",3,R6270,Naples,Geneva,13/10/2023
,,,,,R9201,Naples,Lyon,16/04/2023
,,,,,L4900,Naples,Lisbon,24/11/2023
Nicole Neal,Philadelphia,63,"Sacramento, Lisbon",2,K2355,Philadelphia,Sacramento,11/08/2024
,,,,,D5195,Philadelphia,Lisbon,12/03/2023
Lisa Lee,Jacksonville,54,"Newport, Nashville, Chicago, Seattle",4,S5030,Jacksonville,Newport,25/05/2024
,,,,,T6810,Jacksonville,Nashville,22/04/2023
,,,,,P7162,Jacksonville,Chicago,07/09/2022
,,,,,P3564,Jacksonville,Seattle,01/11/2022
Dr. Stephanie Simmons PhD,Geneva,19,"Lyon, St. Louis, Dubrovnik",3,B1951,Geneva,Lyon,08/09/2023
,,,,,V6772,Geneva,St. Louis,15/10/2022
,,,,,U6362,Geneva,Dubrovnik,07/02/2024
Mary Lopez,Munich,18,"Budapest, Oslo, Amsterdam, Valencia",4,W3249,Munich,Budapest,02/01/2024
,,,,,V7165,Munich,Oslo,29/06/2023
,,,,,V2654,Munich,Amsterdam,15/07/2024
,,,,,A7865,Munich,Valencia,26/03/2024
Traci Bennett,Nashville,36,Baltimore,1,C7834,Nashville,Baltimore,14/11/2022
Janet Sanders,Charleston,40,"Fort Lauderdale, Orlando, St. Louis, San Francisco",4,H8017,Charleston,Fort Lauderdale,13/12/2022
,,,,,F3482,Charleston,Orlando,29/01/2023
,,,,,Q2746,Charleston,St. Louis,02/08/2024
,,,,,G9968,Charleston,San Francisco,10/07/2024
Andrew Pacheco,San Diego,43,"Dallas, Tampa, Orlando, Fort Lauderdale, Pittsburgh",5,M3790,San Diego,Dallas,16/12/2022
,,,,,W2683,San Diego,Tampa,17/08/2024
,,,,,B8365,San Diego,Orlando,04/10/2022
,,,,,V4630,San Diego,Fort Lauderdale,11/03/2023
,,,,,S9271,San Diego,Pittsburgh,24/10/2022
Tyler Barr,St. Petersburg,47,Lyon,1,N2366,St. Petersburg,Lyon,24/02/2024
James Callahan,Lyon,39,"Bologna, Seville",2,B3225,Lyon,Bologna,09/01/2024
,,,,,S7606,Lyon,Seville,20/07/2024
Christopher Kim,Milan,29,Berlin,1,O8185,Milan,Berlin,22/01/2023
Daniel Kelly,Athens,30,"Stockholm, Rome, Moscow, Dubrovnik, Salzburg",5,W6367,Athens,Stockholm,25/01/2024
,,,,,O7687,Athens,Rome,30/04/2024
,,,,,K1169,Athens,Moscow,08/04/2023
,,,,,E2228,Athens,Dubrovnik,17/08/2024
,,,,,V3544,Athens,Salzburg,17/09/2022
Andrea Snyder,Rome,36,"Naples, Bologna, Tallinn, Edinburgh, Athens",5,O3444,Rome,Naples,23/03/2024
,,,,,P9541,Rome,Bologna,14/05/2023
,,,,,G4948,Rome,Tallinn,10/08/2023
,,,,,E4284,Rome,Edinburgh,06/09/2022
,,,,,C5293,Rome,Athens,04/05/2024
Kenneth Hogan,Florence,57,Rome,1,P8573,Florence,Rome,30/11/2022
Bryan Young,Stockholm,37,"Lyon, Zurich, Minneapolis, Moscow",4,X7261,Stockholm,Lyon,08/05/2023
,,,,,F5535,Stockholm,Zurich,02/08/2023
,,,,,Z5571,Stockholm,Minneapolis,09/08/2023
,,,,,X9558,Stockholm,Moscow,27/12/2023
Nicholas Young,Cincinnati,41,"Salzburg, Charleston, Cincinnati, Washington, Milwaukee",5,C6043,Cincinnati,Salzburg,16/11/2022
,,,,,C1560,Cincinnati,Charleston,27/11/2023
,,,,,O9356,Cincinnati,Cincinnati,12/02/2023
,,,,,K2755,Cincinnati,Washington,08/09/2022
,,,,,X4997,Cincinnati,Milwaukee,07/06/2024
Rachel Mayo,Dublin,72,Florence,1,I1136,Dublin,Florence,11/05/2024
Crystal Mccoy,Charlotte,43,"Richmond, Newport",2,T2310,Charlotte,Richmond,07/08/2023
,,,,,P5971,Charlotte,Newport,20/12/2022
Katie Fowler,Las Vegas,57,"Charleston, Jacksonville, Nashville, Savannah, Richmond",5,P6691,Las Vegas,Charleston,25/03/2023
,,,,,Z7093,Las Vegas,Jacksonville,14/03/2023
,,,,,L8658,Las Vegas,Nashville,18/06/2023
,,,,,I7099,Las Vegas,Savannah,12/07/2023
,,,,,X4003,Las Vegas,Richmond,05/08/2024
Jonathan James,Key West,36,"San Diego, Atlanta, Minneapolis, Austin, San Antonio",5,H5670,Key West,San Diego,30/04/2024
,,,,,M4853,Key West,Atlanta,03/03/2024
,,,,,Q2492,Key West,Minneapolis,27/02/2023
,,,,,U9188,Key West,Austin,21/09/2023
,,,,,A2028,Key West,San Antonio,30/03/2024
Carrie Powell,Florence,27,Florence,1,W8161,Florence,Florence,21/01/2024
Crystal Brewer,Orlando,73,"Savannah, Savannah, Providence, Asheville, Austin",5,B5449,Orlando,Savannah,21/03/2024
,,,,,T1098,Orlando,Savannah,29/02/2024
,,,,,A6811,Orlando,Providence,12/07/2023
,,,,,E2378,Orlando,Asheville,07/07/2023
,,,,,J2380,Orlando,Austin,27/01/2023
Miguel Murphy,Los Angeles,20,Milwaukee,1,D6390,Los Angeles,Milwaukee,14/03/2023
Christopher Gonzalez,Sedona,58,"Fort Lauderdale, Salt Lake City",2,N9530,Sedona,Fort Lauderdale,22/03/2024
,,,,,V3704,Sedona,Salt Lake City,08/08/2023
Gabriel Martinez,Salt Lake City,74,Richmond,1,P5580,Salt Lake City,Richmond,15/12/2023
David Terrell,Kansas City,66,"Phoenix, Savannah, San Antonio, Austin",4,C2432,Kansas City,Phoenix,15/01/2024
,,,,,G7986,Kansas City,Savannah,21/09/2022
,,,,,R2853,Kansas City,San Antonio,23/05/2023
,,,,,V3725,Kansas City,Austin,28/04/2024
Sandra Salinas,Brussels,53,"Munich, Cologne, Munich, Valencia, Venice",5,S1981,Brussels,Munich,15/09/2023
,,,,,P5944,Brussels,Cologne,31/05/2023
,,,,,L7698,Brussels,Munich,14/01/2024
,,,,,U2944,Brussels,Valencia,22/06/2024
,,,,,L2691,Brussels,Venice,31/12/2022
Keith Castillo,Denver,50,"Kansas City, San Diego, Nashville, Philadelphia, Richmond",5,V3614,Denver,Kansas City,26/04/2023
,,,,,E6305,Denver,San Diego,06/10/2023
,,,,,R8486,Denver,Nashville,13/06/2024
,,,,,F1911,Denver,Philadelphia,08/06/2024
,,,,,M9223,Denver,Richmond,16/05/2024
Brittany Morris MD,Denver,65,"San Diego, Milwaukee, Sacramento, San Jose",4,O4016,Denver,San Diego,31/10/2022
,,,,,S1809,Denver,Milwaukee,10/12/2023
,,,,,S6890,Denver,Sacramento,12/02/2024
,,,,,P3762,Denver,San Jose,12/07/2023
Nicholas Williams,Pittsburgh,48,"New Orleans, Orlando, Orlando, Tampa",4,X7910,Pittsburgh,New Orleans,07/11/2023
,,,,,I5623,Pittsburgh,Orlando,20/03/2023
,,,,,C8238,Pittsburgh,Orlando,03/12/2023
,,,,,G7944,Pittsburgh,Tampa,28/10/2023
Samuel Price,Phoenix,58,"Kansas City, Kansas City, Savannah, Las Vegas, Providence",5,C8876,Phoenix,Kansas City,06/06/2023
,,,,,W9192,Phoenix,Kansas City,15/04/2024
,,,,,H1580,Phoenix,Savannah,03/09/2023
,,,,,U9083,Phoenix,Las Vegas,17/12/2022
,,,,,Z6370,Phoenix,Providence,02/02/2024
Bryce Jones,Key West,43,"Indianapolis, Denver",2,J1238,Key West,Indianapolis,20/10/2022
,,,,,D6559,Key West,Denver,14/12/2022
Robert Cook,Reykjavik,30,"Oslo, Moscow",2,J5580,Reykjavik,Oslo,05/05/2024
,,,,,W9764,Reykjavik,Moscow,18/01/2023
Michael Farley,Istanbul,31,Marseille,1,X3103,Istanbul,Marseille,20/07/2024
Rebecca Hood,Charlotte,54,"Scottsdale, Savannah, Richmond",3,C7295,Charlotte,Scottsdale,01/12/2023
,,,,,V4450,Charlotte,Savannah,24/05/2024
,,,,,G8100,Charlotte,Richmond,30/06/2023
Chloe Salazar,St. Louis,27,"Nashville, Honolulu",2,W7126,St. Louis,Nashville,30/07/2023
,,,,,V1659,St. Louis,Honolulu,24/07/2023
Colleen Jones,Luxembourg,68,Madrid,1,S6736,Luxembourg,Madrid,20/09/2022
Rhonda Fowler,Honolulu,19,"Key West, Dubrovnik, San Antonio, Philadelphia, San Francisco",5,R6446,Honolulu,Key West,14/12/2023
,,,,,M7912,Honolulu,Dubrovnik,09/09/2023
,,,,,X3744,Honolulu,San Antonio,31/08/2023
,,,,,N1148,Honolulu,Philadelphia,22/05/2023
,,,,,O1075,Honolulu,San Francisco,13/02/2024
Kristin Smith,Salt Lake City,28,"Salt Lake City, Dublin, Phoenix",3,J8955,Salt Lake City,Salt Lake City,21/01/2023
,,,,,K5132,Salt Lake City,Dublin,26/09/2022
,,,,,G4175,Salt Lake City,Phoenix,28/03/2024
Thomas Brown,Milan,25,"Lyon, Rome",2,V3351,Milan,Lyon,13/06/2023
,,,,,C8363,Milan,Rome,19/10/2023
Alexander Walters,Los Angeles,68,"Los Angeles, San Antonio",2,J3003,Los Angeles,Los Angeles,04/06/2023
,,,,,V1384,Los Angeles,San Antonio,27/02/2023
Joseph Howell,Tampa,57,Atlanta,1,V2961,Tampa,Atlanta,08/06/2024
Kathryn Johnson,Porto,32,"Zurich, Moscow",2,W1293,Porto,Zurich,02/05/2023
,,,,,S4862,Porto,Moscow,20/09/2022
Rachel Obrien,Bologna,72,"Budapest, Amsterdam, Milan, Moscow",4,V2121,Bologna,Budapest,17/01/2024
,,,,,Y4494,Bologna,Amsterdam,09/02/2023
,,,,,P7921,Bologna,Milan,03/07/2023
,,,,,K4271,Bologna,Moscow,01/02/2023
Jose Johnston,Portland,66,"Portland, Savannah, Seattle, Savannah, Tampa",5,P7211,Portland,Portland,15/07/2024
,,,,,A3282,Portland,Savannah,06/04/2023
,,,,,E9407,Portland,Seattle,12/12/2022
,,,,,Y1725,Portland,Savannah,18/01/2024
,,,,,D8615,Portland,Tampa,29/11/2023
Shannon Ramirez,Newport,23,"Nashville, Washington, San Jose",3,L6564,Newport,Nashville,09/03/2023
,,,,,N8152,Newport,Washington,25/01/2024
,,,,,Y8808,Newport,San Jose,22/03/2023
Eric Cardenas,Paris,39,"Dublin, Geneva, Lisbon, San Diego, Edinburgh",5,W4400,Paris,Dublin,30/09/2022
,,,,,B2708,Paris,Geneva,10/09/2023
,,,,,X5052,Paris,Lisbon,14/07/2023
,,,,,P3451,Paris,San Diego,25/11/2022
,,,,,C2866,Paris,Edinburgh,18/02/2024
Jorge Ibarra,Tampa,54,Sacramento,1,W5528,Tampa,Sacramento,27/06/2024
Matthew Wilkinson,New York,35,"Charleston, Las Vegas, Santa Fe, San Diego",4,U2260,New York,Charleston,04/04/2024
,,,,,R4905,New York,Las Vegas,09/12/2022
,,,,,V6572,New York,Santa Fe,24/04/2023
,,,,,G7945,New York,San Diego,15/11/2023
Ashley Brown,Budapest,65,"Dubrovnik, Cologne, Barcelona",3,Y4684,Budapest,Dubrovnik,18/06/2024
,,,,,Z8751,Budapest,Cologne,22/03/2023
,,,,,T9472,Budapest,Barcelona,09/01/2023
Robert Miller,San Francisco,40,"Denver, Santa Fe, Milwaukee, Washington",4,T4911,San Francisco,Denver,04/07/2023
,,,,,G7843,San Francisco,Santa Fe,20/02/2024
,,,,,N5648,San Francisco,Milwaukee,09/11/2023
,,,,,Z8217,San Francisco,Washington,03/04/2023
Daniel Martinez,Bergen,55,"Naples, Nice",2,P1192,Bergen,Naples,29/02/2024
,,,,,K1442,Bergen,Nice,08/09/2022
Sean Hughes,San Jose,25,"Milwaukee, Houston, Dallas, San Diego, Charlotte",5,P6977,San Jose,Milwaukee,03/10/2023
,,,,,R1203,San Jose,Houston,17/09/2023
,,,,,F5151,San Jose,Dallas,06/01/2023
,,,,,O1085,San Jose,San Diego,02/12/2022
,,,,,N4081,San Jose,Charlotte,01/08/2023
Steven Cole,Stockholm,72,"Porto, Budapest, Madrid, Milan",4,M5731,Stockholm,Porto,06/11/2022
,,,,,M8268,Stockholm,Budapest,27/06/2024
,,,,,P2625,Stockholm,Madrid,15/10/2023
,,,,,O5123,Stockholm,Milan,19/08/2023
Dawn Gonzalez,Savannah,23,Salt Lake City,1,Q4224,Savannah,Salt Lake City,26/05/2023
Heather Lane,Ljubljana,56,"Bergen, Valencia",2,K2622,Ljubljana,Bergen,01/04/2023
,,,,,X9596,Ljubljana,Valencia,06/08/2024
Bradley Williams,Florence,23,"Brussels, Tampa, Florence",3,A2704,Florence,Brussels,03/09/2023
,,,,,H1643,Florence,Tampa,06/05/2024
,,,,,L1812,Florence,Florence,27/06/2024
William Washington,Orlando,28,Boston,1,U5805,Orlando,Boston,13/03/2024
Kenneth Schultz,Scottsdale,26,"Scottsdale, Santa Fe, Fort Lauderdale, Washington",4,Z1840,Scottsdale,Scottsdale,20/04/2024
,,,,,I7775,Scottsdale,Santa Fe,31/12/2023
,,,,,D8296,Scottsdale,Fort Lauderdale,07/01/2024
,,,,,K3920,Scottsdale,Washington,02/02/2023
Ronald Carlson,Kansas City,25,"Sacramento, Miami, Atlanta, Sacramento, Nashville",5,X9855,Kansas City,Sacramento,26/10/2022
,,,,,A7503,Kansas City,Miami,20/04/2024
,,,,,N5321,Kansas City,Atlanta,28/03/2023
,,,,,C1326,Kansas City,Sacramento,02/10/2023
,,,,,Z1071,Kansas City,Nashville,03/08/2024
Brent Carter,Porto,74,Lyon,1,M6541,Porto,Lyon,30/03/2024
Jonathan Browning,Minneapolis,60,"Newport, Portland, Las Vegas, Los Angeles",4,P6339,Minneapolis,Newport,05/12/2022
,,,,,S8782,Minneapolis,Portland,12/01/2024
,,,,,A6688,Minneapolis,Las Vegas,03/05/2023
,,,,,G3376,Minneapolis,Los Angeles,09/04/2023
Jason Montgomery,Stockholm,60,"Honolulu, Tallinn, Munich",3,Y9288,Stockholm,Honolulu,01/09/2022
,,,,,U7865,Stockholm,Tallinn,25/01/2023
,,,,,V4295,Stockholm,Munich,06/11/2023
Dalton Martinez,Miami,55,"Cincinnati, New Orleans, Providence",3,Q1855,Miami,Cincinnati,20/10/2023
,,,,,X7889,Miami,New Orleans,09/04/2024
,,,,,B7825,Miami,Providence,10/08/2024
Katrina Garcia,Sacramento,25,Seattle,1,F8167,Sacramento,Seattle,06/10/2022
Kirk Hickman,Paris,74,"Berlin, Warsaw, Vienna",3,U2775,Paris,Berlin,21/01/2024
,,,,,N6934,Paris,Warsaw,30/07/2024
,,,,,D2549,Paris,Vienna,01/02/2024
Bradley Davidson,Bologna,66,"Paris, Athens, Seville, Florence, Munich",5,K1337,Bologna,Paris,07/11/2023
,,,,,J4437,Bologna,Athens,05/01/2024
,,,,,L9405,Bologna,Seville,29/08/2022
,,,,,N5185,Bologna,Florence,17/06/2023
,,,,,V8094,Bologna,Munich,20/11/2022
Crystal Berry,Prague,64,Istanbul,1,G5697,Prague,Istanbul,18/04/2023
Jennifer Haley,Nice,35,"Madrid, Vienna, Marseille, Brussels, St. Petersburg",5,Z1643,Nice,Madrid,20/04/2023
,,,,,R5199,Nice,Vienna,29/10/2023
,,,,,G6862,Nice,Marseille,17/04/2023
,,,,,H4812,Nice,Brussels,20/12/2023
,,,,,G9401,Nice,St. Petersburg,08/01/2024
Anthony Fields,Salt Lake City,40,"Nashville, Miami, Washington, St. Louis",4,U8441,Salt Lake City,Nashville,06/06/2024
,,,,,S7442,Salt Lake City,Miami,20/12/2022
,,,,,J9313,Salt Lake City,Washington,01/06/2024
,,,,,L6935,Salt Lake City,St. Louis,02/10/2023
Angie Rivas,Edinburgh,24,"Gothenburg, Reykjavik, Milan",3,M4956,Edinburgh,Gothenburg,24/10/2022
,,,,,G2887,Edinburgh,Reykjavik,25/11/2022
,,,,,W5258,Edinburgh,Milan,09/04/2023
Sydney Davidson,Gothenburg,66,"London, Ljubljana",2,X4398,Gothenburg,London,07/07/2023
,,,,,B6928,Gothenburg,Ljubljana,07/08/2024
Caleb Webb,Brussels,18,"Munich, Copenhagen, Edinburgh",3,W9855,Brussels,Munich,31/10/2023
,,,,,A7715,Brussels,Copenhagen,12/11/2023
,,,,,K4367,Brussels,Edinburgh,18/12/2022
Courtney Hill,Jacksonville,72,Orlando,1,D1489,Jacksonville,Orlando,27/05/2023
Angela Adams,Richmond,38,Krakow,1,R1975,Richmond,Krakow,16/03/2023
Robert Calderon,New York,47,"Honolulu, Atlanta, Savannah, New York",4,V7331,New York,Honolulu,07/01/2024
,,,,,H6568,New York,Atlanta,04/02/2024
,,,,,H8842,New York,Savannah,28/02/2024
,,,,,I3651,New York,New York,18/08/2024
Melissa Phillips,Amsterdam,55,"Philadelphia, Bologna, Seville",3,G4838,Amsterdam,Philadelphia,08/01/2024
,,,,,H2949,Amsterdam,Bologna,08/09/2022
,,,,,R3233,Amsterdam,Seville,05/09/2022
Paul Cortez,Denver,53,"San Diego, Austin",2,O6876,Denver,San Diego,15/04/2023
,,,,,S2097,Denver,Austin,01/02/2024
Amanda Dixon,Indianapolis,33,"Sedona, Florence",2,K6963,Indianapolis,Sedona,16/06/2023
,,,,,W6165,Indianapolis,Florence,26/08/2023
David Davis,Washington,65,"Dallas, Chicago, Boston, Providence, Austin",5,E3741,Washington,Dallas,04/10/2023
,,,,,F4003,Washington,Chicago,22/02/2023
,,,,,G2322,Washington,Boston,30/10/2022
,,,,,C3448,Washington,Providence,18/11/2022
,,,,,B6532,Washington,Austin,22/07/2023
Joseph Davis,Washington,74,"Salt Lake City, Fort Lauderdale, Providence, Los Angeles, Portland",5,A1852,Washington,Salt Lake City,19/03/2024
,,,,,G1448,Washington,Fort Lauderdale,04/07/2023
,,,,,O1348,Washington,Providence,16/04/2024
,,,,,A5282,Washington,Los Angeles,27/10/2023
,,,,,Q9605,Washington,Portland,05/03/2024
William Parker,Phoenix,34,"Charleston, New York, Key West, Boston",4,J6533,Phoenix,Charleston,21/08/2023
,,,,,H6596,Phoenix,New York,30/04/2023
,,,,,J3715,Phoenix,Key West,08/10/2023
,,,,,Z7785,Phoenix,Boston,02/02/2024
Jeffrey Rangel,Savannah,73,"Savannah, Honolulu, Minneapolis, Savannah, Houston",5,V4208,Savannah,Savannah,22/02/2024
,,,,,P7373,Savannah,Honolulu,31/10/2023
,,,,,O1442,Savannah,Minneapolis,09/05/2023
,,,,,X2633,Savannah,Savannah,23/08/2023
,,,,,N2844,Savannah,Houston,15/01/2023
Kathy Garcia,Gothenburg,23,"Tallinn, Madrid",2,W5925,Gothenburg,Tallinn,12/02/2023
,,,,,B4061,Gothenburg,Madrid,15/02/2024
Kristina Richards,Reykjavik,54,Dubrovnik,1,P1975,Reykjavik,Dubrovnik,07/11/2023
Mark Johnson,Krakow,31,"Istanbul, Florence, Stockholm",3,P3414,Krakow,Istanbul,25/11/2022
,,,,,J5702,Krakow,Florence,06/01/2023
,,,,,Y6993,Krakow,Stockholm,08/04/2023
Reginald White,Houston,40,"Miami, Providence, New York, Kansas City",4,K1069,Houston,Miami,07/05/2024
,,,,,Q5167,Houston,Providence,28/05/2023
,,,,,I9674,Houston,New York,25/10/2022
,,,,,C3844,Houston,Kansas City,22/07/2023
Robert Flynn,Boston,20,"Salt Lake City, Scottsdale, San Diego",3,A4252,Boston,Salt Lake City,13/04/2023
,,,,,I6328,Boston,Scottsdale,04/02/2023
,,,,,U6705,Boston,San Diego,29/10/2022
Kevin Cooper,Athens,56,"Istanbul, Florence",2,W8899,Athens,Istanbul,17/11/2022
,,,,,Z1030,Athens,Florence,24/08/2024
Amanda Davis,Berlin,63,"Naples, Athens, Bordeaux",3,E5933,Berlin,Naples,30/10/2022
,,,,,O7399,Berlin,Athens,17/01/2024
,,,,,O4740,Berlin,Bordeaux,09/02/2024
Kristin Mitchell,Dallas,68,"Philadelphia, Marseille, Minneapolis, Miami",4,M8058,Dallas,Philadelphia,02/09/2022
,,,,,K2493,Dallas,Marseille,20/04/2024
,,,,,W6066,Dallas,Minneapolis,03/09/2022
,,,,,R2931,Dallas,Miami,30/09/2022
Daniel Cooper,Stockholm,38,Krakow,1,P1999,Stockholm,Krakow,27/12/2023
Jacob Harmon,Lisbon,53,"Dubrovnik, Budapest, Portland, Pittsburgh",4,I1794,Lisbon,Dubrovnik,08/04/2024
,,,,,D5927,Lisbon,Budapest,25/05/2024
,,,,,X7358,Lisbon,Portland,10/12/2022
,,,,,I2580,Lisbon,Pittsburgh,03/02/2023
Matthew Faulkner,Jacksonville,44,Sedona,1,L2663,Jacksonville,Sedona,22/05/2024
James Ponce,Lisbon,31,Boston,1,X7499,Lisbon,Boston,12/05/2024
Lauren Martin,San Francisco,42,"Boston, Orlando, Dallas, Jacksonville, Houston",5,O5886,San Francisco,Boston,08/10/2023
,,,,,R6590,San Francisco,Orlando,02/08/2024
,,,,,Y2411,San Francisco,Dallas,31/01/2023
,,,,,N9353,San Francisco,Jacksonville,08/02/2024
,,,,,O7026,San Francisco,Houston,21/05/2023
Richard Jordan,Miami,47,"Jacksonville, St. Louis, Tampa, Newport, Denver",5,M5640,Miami,Jacksonville,12/07/2023
,,,,,B2374,Miami,St. Louis,02/09/2023
,,,,,U5486,Miami,Tampa,12/03/2023
,,,,,X8924,Miami,Newport,26/11/2023
,,,,,L9401,Miami,Denver,23/06/2023
Stacey Silva,Sedona,19,"Minneapolis, Portland",2,F5798,Sedona,Minneapolis,10/09/2023
,,,,,F7414,Sedona,Portland,19/04/2023
Drew Smith,Houston,33,"Austin, Boston",2,C6391,Houston,Austin,26/08/2023
,,,,,N6465,Houston,Boston,13/07/2023
Susan Ross,Austin,23,Milwaukee,1,E2086,Austin,Milwaukee,24/03/2023
Amy Thomas,Jacksonville,59,Tampa,1,A7993,Jacksonville,Tampa,09/06/2024
Melissa Lopez,Las Vegas,32,Tampa,1,V3708,Las Vegas,Tampa,04/08/2023
Mark Costa,Oklahoma City,50,"Kansas City, Oklahoma City, Tampa",3,E1185,Oklahoma City,Kansas City,16/06/2024
,,,,,B7049,Oklahoma City,Oklahoma City,21/12/2022
,,,,,S4116,Oklahoma City,Tampa,11/08/2024
Matthew Clark,Paris,71,"Dublin, Dubrovnik, Athens, Moscow",4,N5616,Paris,Dublin,25/11/2023
,,,,,H8466,Paris,Dubrovnik,08/12/2022
,,,,,V3061,Paris,Athens,16/08/2023
,,,,,W4524,Paris,Moscow,04/02/2023
Katherine Marshall,St. Louis,69,"Sedona, Washington",2,Z5400,St. Louis,Sedona,21/07/2024
,,,,,M1275,St. Louis,Washington,09/05/2024
Mary Morris,Prague,31,"Stockholm, Lyon, Bergen, Florence, Prague",5,F7957,Prague,Stockholm,16/02/2023
,,,,,S9467,Prague,Lyon,29/09/2023
,,,,,P3743,Prague,Bergen,30/03/2023
,,,,,I8268,Prague,Florence,28/02/2024
,,,,,E1498,Prague,Prague,12/08/2024
Ralph Nelson,Nashville,68,"Denver, New Orleans, Helsinki",3,K5511,Nashville,Denver,01/10/2023
,,,,,Q7685,Nashville,New Orleans,26/09/2022
,,,,,C7627,Nashville,Helsinki,04/10/2022
Lisa Montgomery,Copenhagen,62,"Bordeaux, Bordeaux, Moscow, Madrid, Ljubljana",5,W4685,Copenhagen,Bordeaux,24/12/2023
,,,,,Y2698,Copenhagen,Bordeaux,24/02/2023
,,,,,Q9498,Copenhagen,Moscow,04/01/2023
,,,,,S9580,Copenhagen,Madrid,12/07/2023
,,,,,Y1192,Copenhagen,Ljubljana,25/11/2022
Laurie Chavez,Edinburgh,34,"Bologna, Copenhagen, Bergen, Valencia, Lisbon",5,W4586,Edinburgh,Bologna,03/06/2023
,,,,,D8598,Edinburgh,Copenhagen,13/12/2022
,,,,,B2052,Edinburgh,Bergen,20/12/2022
,,,,,E7178,Edinburgh,Valencia,05/01/2024
,,,,,P2050,Edinburgh,Lisbon,27/08/2022
Eric Flores,Providence,64,Atlanta,1,Y6112,Providence,Atlanta,21/01/2023
Matthew Smith,Geneva,60,Venice,1,B5216,Geneva,Venice,14/07/2023
Justin Barnett,Milwaukee,43,"Jacksonville, Las Vegas, Austin",3,V9102,Milwaukee,Jacksonville,16/03/2024
,,,,,O2144,Milwaukee,Las Vegas,31/08/2022
,,,,,A7581,Milwaukee,Austin,18/06/2023
Elizabeth Hall,Nice,19,"Warsaw, Venice",2,W7762,Nice,Warsaw,27/08/2022
,,,,,J7431,Nice,Venice,11/02/2024
Austin Adams,Seattle,23,Los Angeles,1,N4041,Seattle,Los Angeles,20/01/2023
Robert Hanna,London,54,"Athens, Naples, Dublin",3,E6730,London,Athens,26/04/2024
,,,,,Z8967,London,Naples,29/11/2023
,,,,,O3927,London,Dublin,02/06/2023
Robert Foster,Geneva,37,Nice,1,X8476,Geneva,Nice,23/03/2024
Elizabeth Smith,Budapest,42,Berlin,1,K6000,Budapest,Berlin,26/09/2023
Chloe Smith,Miami,18,"Las Vegas, Pittsburgh, New Orleans, Cincinnati",4,A6146,Miami,Las Vegas,10/08/2023
,,,,,S6130,Miami,Pittsburgh,11/11/2023
,,,,,E1114,Miami,New Orleans,07/03/2023
,,,,,J7039,Miami,Cincinnati,25/12/2022
Donald Porter,Milan,61,"Helsinki, Florence, Milan",3,O2611,Milan,Helsinki,05/03/2023
,,,,,G2280,Milan,Florence,21/10/2023
,,,,,N3614,Milan,Milan,17/01/2024
Ashley Bailey,Indianapolis,47,"Dallas, Denver",2,R6339,Indianapolis,Dallas,03/01/2024
,,,,,I8693,Indianapolis,Denver,16/10/2022
Theresa Patterson,Baltimore,19,"Honolulu, Orlando, St. Louis, Las Vegas",4,C1911,Baltimore,Honolulu,04/05/2024
,,,,,L8523,Baltimore,Orlando,05/08/2024
,,,,,T2368,Baltimore,St. Louis,07/12/2022
,,,,,R2600,Baltimore,Las Vegas,18/04/2023
Elizabeth Hill,Gothenburg,72,"Lyon, Reykjavik, Stockholm",3,K4564,Gothenburg,Lyon,06/11/2022
,,,,,K4317,Gothenburg,Reykjavik,20/04/2024
,,,,,R6129,Gothenburg,Stockholm,27/01/2023
Mark Delgado,Krakow,22,"Barcelona, Stockholm, Krakow, Nice, Valencia",5,J2478,Krakow,Barcelona,20/04/2024
,,,,,D7206,Krakow,Stockholm,10/06/2024
,,,,,G8174,Krakow,Krakow,08/06/2023
,,,,,O3692,Krakow,Nice,08/07/2024
,,,,,O5187,Krakow,Valencia,09/04/2024
Ralph Contreras,Sedona,66,"Baltimore, Austin, Providence, Key West, Washington",5,G2392,Sedona,Baltimore,16/04/2023
,,,,,T9102,Sedona,Austin,04/04/2023
,,,,,Y9674,Sedona,Providence,18/02/2024
,,,,,G7061,Sedona,Key West,16/06/2024
,,,,,J7685,Sedona,Washington,23/05/2024
Lauren Garza,Tallinn,38,Zurich,1,D4207,Tallinn,Zurich,22/03/2024
Donald Fisher,Savannah,50,"Tampa, Sedona, Nashville, Portland",4,C4460,Savannah,Tampa,15/12/2022
,,,,,H7655,Savannah,Sedona,21/08/2023
,,,,,L6184,Savannah,Nashville,04/09/2022
,,,,,C6543,Savannah,Portland,17/09/2023
John Clark,Oslo,45,"Bratislava, London, Nice, Stockholm",4,H1207,Oslo,Bratislava,08/10/2023
,,,,,I8697,Oslo,London,04/04/2023
,,,,,A7766,Oslo,Nice,26/07/2023
,,,,,B1143,Oslo,Stockholm,14/04/2024
Brian Burke,Richmond,25,"Cincinnati, Nashville, Boston, Sacramento, Atlanta",5,T3227,Richmond,Cincinnati,05/06/2024
,,,,,P3097,Richmond,Nashville,12/06/2023
,,,,,H1462,Richmond,Boston,28/01/2024
,,,,,C3606,Richmond,Sacramento,19/06/2024
,,,,,Z7625,Richmond,Atlanta,24/04/2023
Brittany Wood,Indianapolis,41,"San Diego, San Francisco",2,B7103,Indianapolis,San Diego,03/11/2023
,,,,,U7514,Indianapolis,San Francisco,08/03/2024
John Hanson,Lyon,65,"Valencia, Naples, Athens, Tallinn",4,M6445,Lyon,Valencia,15/02/2023
,,,,,O5333,Lyon,Naples,18/07/2024
,,,,,L6395,Lyon,Athens,04/02/2024
,,,,,G8167,Lyon,Tallinn,20/04/2024
Bobby Ortiz,Boston,25,"Indianapolis, Milwaukee, Cincinnati, Portland, Charlotte",5,V3201,Boston,Indianapolis,29/01/2023
,,,,,D9538,Boston,Milwaukee,06/10/2023
,,,,,Y7194,Boston,Cincinnati,21/07/2023
,,,,,D7125,Boston,Portland,13/08/2024
,,,,,U5030,Boston,Charlotte,22/07/2023
Nicole Carney,Edinburgh,65,"Geneva, Seville, Key West, Moscow",4,A8577,Edinburgh,Geneva,07/02/2024
,,,,,F1031,Edinburgh,Seville,02/06/2024
,,,,,L4723,Edinburgh,Key West,06/10/2022
,,,,,J2742,Edinburgh,Moscow,19/06/2023
Mrs. Donna Williams MD,Baltimore,34,"Jacksonville, Cincinnati, Savannah, Boston, Jacksonville",5,F2337,Baltimore,Jacksonville,09/08/2024
,,,,,T5035,Baltimore,Cincinnati,19/03/2024
,,,,,Q7625,Baltimore,Savannah,17/12/2023
,,,,,N4535,Baltimore,Boston,16/10/2023
,,,,,Y7822,Baltimore,Jacksonville,14/10/2023
Darlene Alexander,Milan,75,"Rome, Marseille, Baltimore, Luxembourg, Budapest",5,A9090,Milan,Rome,05/03/2024
,,,,,C5563,Milan,Marseille,25/04/2024
,,,,,D7432,Milan,Baltimore,04/08/2023
,,,,,S8040,Milan,Luxembourg,18/05/2024
,,,,,P4389,Milan,Budapest,08/01/2023
Mario Cooper,Tallinn,22,Prague,1,D6488,Tallinn,Prague,18/01/2023
Audrey Pittman,Budapest,62,"Paris, Copenhagen, Barcelona, Gothenburg, Bordeaux",5,S9947,Budapest,Paris,02/01/2023
,,,,,L7567,Budapest,Copenhagen,14/11/2022
,,,,,Q1451,Budapest,Barcelona,26/12/2023
,,,,,G8623,Budapest,Gothenburg,24/10/2023
,,,,,J8001,Budapest,Bordeaux,16/09/2022
Rebecca Bonilla,Zurich,53,"Seville, Moscow",2,L2983,Zurich,Seville,26/03/2023
,,,,,L4597,Zurich,Moscow,04/02/2024
Rachel Shepard,Miami,18,Providence,1,J9228,Miami,Providence,13/11/2022
Rachel Evans,Indianapolis,46,Austin,1,A1283,Indianapolis,Austin,21/03/2024
Kimberly Hamilton,Dubrovnik,32,"Salzburg, Milan, Copenhagen",3,J2640,Dubrovnik,Salzburg,04/10/2023
,,,,,X1455,Dubrovnik,Milan,04/12/2022
,,,,,X4360,Dubrovnik,Copenhagen,15/05/2023
Deborah Stevens,Cologne,43,"Dublin, Edinburgh, Stockholm",3,D9944,Cologne,Dublin,24/03/2023
,,,,,G7218,Cologne,Edinburgh,03/08/2024
,,,,,G5807,Cologne,Stockholm,23/12/2022
Debra Diaz,Bergen,65,"Geneva, Paris, Venice",3,B4450,Bergen,Geneva,20/03/2023
,,,,,X8104,Bergen,Paris,21/10/2022
,,,,,R6331,Bergen,Venice,31/08/2022
Jane Martin,Dallas,25,"Orlando, Santa Fe",2,G6316,Dallas,Orlando,24/08/2024
,,,,,G6397,Dallas,Santa Fe,07/09/2023
Amy Page,San Jose,51,"Orlando, San Antonio, Fort Lauderdale, Houston",4,M5280,San Jose,Orlando,17/02/2023
,,,,,L9786,San Jose,San Antonio,12/06/2024
,,,,,W9357,San Jose,Fort Lauderdale,17/09/2023
,,,,,P9057,San Jose,Houston,14/04/2024
Lisa Newman,Chicago,24,"Richmond, Fort Lauderdale, St. Louis, New York, Newport",5,O6892,Chicago,Richmond,17/10/2023
,,,,,X2038,Chicago,Fort Lauderdale,08/07/2023
,,,,,W9722,Chicago,St. Louis,29/07/2024
,,,,,R6515,Chicago,New York,02/11/2023
,,,,,X6432,Chicago,Newport,16/12/2022
Charlene Black,Charleston,32,Houston,1,W3633,Charleston,Houston,29/08/2022
Elizabeth Perez,Oslo,63,"Ljubljana, Bordeaux",2,R9745,Oslo,Ljubljana,12/09/2023
,,,,,H8764,Oslo,Bordeaux,17/04/2024
Joseph Hooper DVM,Phoenix,64,"Budapest, St. Louis",2,Y5364,Phoenix,Budapest,27/05/2024
,,,,,O5368,Phoenix,St. Louis,23/12/2023
Joseph Ramos,Los Angeles,22,"Dallas, Charleston, Jacksonville, Nashville, Houston",5,C4881,Los Angeles,Dallas,01/03/2023
,,,,,I9332,Los Angeles,Charleston,18/07/2024
,,,,,L5299,Los Angeles,Jacksonville,21/10/2023
,,,,,D3055,Los Angeles,Nashville,25/08/2023
,,,,,F7066,Los Angeles,Houston,20/05/2023
Brian Blake,Seville,46,"Bergen, St. Petersburg, Seville, Geneva",4,I6509,Seville,Bergen,03/10/2023
,,,,,E6868,Seville,St. Petersburg,07/11/2023
,,,,,O3654,Seville,Seville,19/04/2024
,,,,,O6209,Seville,Geneva,03/11/2023
James Nunez,New York,40,"Indianapolis, San Diego, Las Vegas",3,F1458,New York,Indianapolis,15/01/2023
,,,,,J9851,New York,San Diego,27/04/2023
,,,,,I6127,New York,Las Vegas,24/02/2024
Tracey Schultz,Florence,47,"Naples, Bratislava",2,I7553,Florence,Naples,15/03/2024
,,,,,X3116,Florence,Bratislava,06/05/2023
Bobby Griffith,Los Angeles,53,Denver,1,P9148,Los Angeles,Denver,16/12/2022
Mark King,Bologna,61,"Munich, Bergen, Cologne, Barcelona",4,L4236,Bologna,Munich,30/06/2024
,,,,,U1402,Bologna,Bergen,02/06/2024
,,,,,F5418,Bologna,Cologne,20/11/2023
,,,,,K4294,Bologna,Barcelona,13/07/2023
Lisa Love,Seville,62,"Gothenburg, Paris, Berlin, Istanbul",4,M4055,Seville,Gothenburg,03/07/2024
,,,,,B8201,Seville,Paris,30/08/2023
,,,,,D8283,Seville,Berlin,12/10/2022
,,,,,L3552,Seville,Istanbul,25/12/2022
Jamie Perry,New Orleans,39,"St. Louis, Fort Lauderdale",2,R6192,New Orleans,St. Louis,23/04/2023
,,,,,K4561,New Orleans,Fort Lauderdale,15/02/2024
Darlene Yates,Lisbon,22,"Oslo, Bergen, Nice",3,P5730,Lisbon,Oslo,12/11/2022
,,,,,N4661,Lisbon,Bergen,08/11/2023
,,,,,J4950,Lisbon,Nice,17/11/2023
David Frazier,San Antonio,56,"Indianapolis, Pittsburgh, Pittsburgh, Indianapolis, Newport",5,X6423,San Antonio,Indianapolis,30/05/2024
,,,,,V6275,San Antonio,Pittsburgh,09/10/2022
,,,,,P1570,San Antonio,Pittsburgh,14/02/2023
,,,,,G9036,San Antonio,Indianapolis,12/05/2023
,,,,,F9763,San Antonio,Newport,01/05/2024
Summer Brown,Paris,58,"Minneapolis, Copenhagen, Stockholm",3,P2817,Paris,Minneapolis,18/08/2024
,,,,,X9445,Paris,Copenhagen,11/04/2023
,,,,,N9689,Paris,Stockholm,09/09/2023
Kimberly Mcclain,Paris,63,"Florence, Stockholm, Geneva, London",4,L3477,Paris,Florence,22/12/2022
,,,,,S4210,Paris,Stockholm,09/07/2023
,,,,,P6119,Paris,Geneva,11/10/2023
,,,,,Z6324,Paris,London,15/02/2023
John Murphy,Lyon,61,"Copenhagen, Copenhagen, Prague",3,V6442,Lyon,Copenhagen,29/04/2024
,,,,,L9521,Lyon,Copenhagen,31/12/2022
,,,,,T2986,Lyon,Prague,16/09/2023
Corey Lane,Chicago,21,"Florence, Key West",2,G2430,Chicago,Florence,01/01/2024
,,,,,C6509,Chicago,Key West,09/08/2023
Sheila Parks,Warsaw,69,"Venice, Kansas City, Helsinki, Tallinn, Naples",5,Z6226,Warsaw,Venice,10/05/2023
,,,,,M8507,Warsaw,Kansas City,21/07/2023
,,,,,S7886,Warsaw,Helsinki,09/10/2022
,,,,,I9472,Warsaw,Tallinn,03/06/2023
,,,,,K9889,Warsaw,Naples,12/12/2022
Lynn Rodriguez,Salzburg,20,"Valencia, Seville",2,E6026,Salzburg,Valencia,10/08/2024
,,,,,S4366,Salzburg,Seville,31/05/2023
Wanda Weaver,Reykjavik,75,"Bordeaux, Brussels, Munich",3,Y7184,Reykjavik,Bordeaux,30/05/2023
,,,,,I3780,Reykjavik,Brussels,10/08/2023
,,,,,S5415,Reykjavik,Munich,26/02/2023
Derek Grant,Munich,58,"Reykjavik, Vienna, Venice, Bologna",4,E6970,Munich,Reykjavik,27/03/2024
,,,,,M1544,Munich,Vienna,21/02/2023
,,,,,V7325,Munich,Venice,28/01/2023
,,,,,K2695,Munich,Bologna,27/07/2024
Whitney Wheeler,Cincinnati,18,"Honolulu, Seattle, Milwaukee",3,N2259,Cincinnati,Honolulu,03/03/2023
,,,,,L6347,Cincinnati,Seattle,25/01/2024
,,,,,D1957,Cincinnati,Milwaukee,05/05/2023
Donna Garrett,Minneapolis,18,"Richmond, Savannah",2,I3813,Minneapolis,Richmond,29/06/2024
,,,,,X3096,Minneapolis,Savannah,25/01/2023
Bobby Weber,Denver,64,"Austin, Orlando, Scottsdale, Nashville, Austin",5,M2511,Denver,Austin,25/11/2023
,,,,,X4585,Denver,Orlando,07/10/2022
,,,,,A7919,Denver,Scottsdale,14/06/2024
,,,,,E3908,Denver,Nashville,08/04/2024
,,,,,Q8403,Denver,Austin,24/04/2023
Haley Mendoza,Charleston,41,"New York, Dallas, Baltimore",3,B7323,Charleston,New York,31/05/2024
,,,,,J1448,Charleston,Dallas,31/07/2024
,,,,,E1445,Charleston,Baltimore,08/04/2023
Samantha Bailey,Las Vegas,53,"Miami, Sacramento, Las Vegas, Newport, Milwaukee",5,M8543,Las Vegas,Miami,13/04/2024
,,,,,H4025,Las Vegas,Sacramento,22/12/2023
,,,,,G7156,Las Vegas,Las Vegas,20/08/2023
,,,,,P6549,Las Vegas,Newport,05/11/2022
,,,,,W1146,Las Vegas,Milwaukee,30/04/2023
Angela Mercer MD,Sacramento,25,"Philadelphia, San Diego, San Antonio, Miami, Fort Lauderdale",5,K1514,Sacramento,Philadelphia,09/06/2023
,,,,,P3421,Sacramento,San Diego,29/08/2022
,,,,,T3731,Sacramento,San Antonio,19/12/2022
,,,,,T9485,Sacramento,Miami,15/11/2022
,,,,,T5303,Sacramento,Fort Lauderdale,16/07/2023
George Gregory,Naples,59,"Warsaw, Bratislava, Oslo, Valencia",4,E3681,Naples,Warsaw,09/07/2023
,,,,,E2991,Naples,Bratislava,04/01/2023
,,,,,A1849,Naples,Oslo,30/04/2023
,,,,,V4277,Naples,Valencia,25/09/2022
Patricia Obrien,Fort Lauderdale,35,"Chicago, Vienna, Scottsdale",3,O8453,Fort Lauderdale,Chicago,15/05/2023
,,,,,K9267,Fort Lauderdale,Vienna,09/04/2024
,,,,,H3230,Fort Lauderdale,Scottsdale,01/05/2024
Nicole Smith,Gothenburg,45,"Naples, Zurich, Bratislava, Warsaw, Venice",5,P6911,Gothenburg,Naples,21/03/2023
,,,,,U4349,Gothenburg,Zurich,03/03/2024
,,,,,E6650,Gothenburg,Bratislava,19/04/2023
,,,,,F1764,Gothenburg,Warsaw,24/06/2024
,,,,,V5137,Gothenburg,Venice,28/09/2023
Dominic Patton,Oslo,60,Budapest,1,K9678,Oslo,Budapest,26/07/2023
Jeffrey Santiago,Reykjavik,59,Vienna,1,J3929,Reykjavik,Vienna,29/02/2024
Jennifer Morris,Valencia,46,"Stockholm, Cologne, Moscow, Zurich, Malaga",5,M1809,Valencia,Stockholm,24/09/2022
,,,,,P9679,Valencia,Cologne,08/02/2024
,,,,,U4430,Valencia,Moscow,03/07/2024
,,,,,N1083,Valencia,Zurich,28/12/2022
,,,,,H1965,Valencia,Malaga,05/10/2022
Eric Clayton,Indianapolis,59,Kansas City,1,Y3914,Indianapolis,Kansas City,23/02/2024
Courtney Elliott,Geneva,69,Dublin,1,V9193,Geneva,Dublin,28/08/2023
Noah Webster,Salzburg,48,"Edinburgh, Luxembourg, Seville",3,K3381,Salzburg,Edinburgh,23/10/2023
,,,,,B5215,Salzburg,Luxembourg,04/11/2023
,,,,,J8786,Salzburg,Seville,10/12/2023
James Rodriguez,Kansas City,69,Denver,1,O9758,Kansas City,Denver,14/07/2023
Connie Morrow,Seattle,41,"Miami, Key West, Key West, Baltimore, Fort Lauderdale",5,B8377,Seattle,Miami,31/05/2024
,,,,,R7179,Seattle,Key West,21/11/2023
,,,,,T7812,Seattle,Key West,15/06/2024
,,,,,F3878,Seattle,Baltimore,13/08/2023
,,,,,I2619,Seattle,Fort Lauderdale,21/09/2022
Dennis Oliver,London,21,"Edinburgh, Bologna, Cologne, Malaga, Malaga",5,X7281,London,Edinburgh,23/11/2023
,,,,,E3325,London,Bologna,29/03/2024
,,,,,Q3975,London,Cologne,21/12/2023
,,,,,K1967,London,Malaga,24/03/2024
,,,,,Z5641,London,Malaga,16/07/2023
Chad Bennett,Paris,72,"Brussels, Istanbul, Barcelona, Luxembourg",4,W8103,Paris,Brussels,21/08/2023
,,,,,P8126,Paris,Istanbul,15/04/2023
,,,,,S3887,Paris,Barcelona,27/10/2023
,,,,,L6076,Paris,Luxembourg,29/05/2024
Stacy Simon,New York,66,Philadelphia,1,G4873,New York,Philadelphia,07/03/2023
Stephanie Bailey,Warsaw,23,"Milan, Budapest",2,F4778,Warsaw,Milan,02/12/2022
,,,,,K2697,Warsaw,Budapest,28/10/2023
Mr. Jesus Walker,Las Vegas,45,"Richmond, Boston, Los Angeles, New Orleans",4,D1662,Las Vegas,Richmond,20/03/2024
,,,,,G7733,Las Vegas,Boston,26/10/2022
,,,,,K9906,Las Vegas,Los Angeles,03/09/2022
,,,,,W4591,Las Vegas,New Orleans,26/09/2023
Emma Curry,Istanbul,36,"Bologna, Zurich, Florence",3,L8971,Istanbul,Bologna,02/01/2024
,,,,,F3835,Istanbul,Zurich,25/01/2023
,,,,,A7799,Istanbul,Florence,23/01/2024
Donna Torres,Washington,41,"Newport, Sedona, Charlotte, Charleston, Charleston",5,W9654,Washington,Newport,21/01/2023
,,,,,N3963,Washington,Sedona,26/07/2023
,,,,,P1693,Washington,Charlotte,03/05/2023
,,,,,X8121,Washington,Charleston,16/01/2024
,,,,,B8394,Washington,Charleston,18/06/2024
Mark Flores,Orlando,68,"Seattle, Salt Lake City, Copenhagen, Salt Lake City, Charlotte",5,T4826,Orlando,Seattle,03/05/2024
,,,,,D4846,Orlando,Salt Lake City,17/12/2022
,,,,,V4135,Orlando,Copenhagen,14/12/2023
,,,,,U2648,Orlando,Salt Lake City,16/12/2023
,,,,,F9308,Orlando,Charlotte,10/11/2023
Kaitlin Romero,Savannah,31,"Washington, New Orleans, Fort Lauderdale, Tampa, Indianapolis",5,W7546,Savannah,Washington,09/09/2022
,,,,,H6058,Savannah,New Orleans,17/07/2023
,,,,,T4085,Savannah,Fort Lauderdale,20/04/2023
,,,,,H4751,Savannah,Tampa,13/04/2023
,,,,,V8242,Savannah,Indianapolis,07/09/2022
Amy Jacobs,Geneva,29,"Bologna, Dublin",2,J9385,Geneva,Bologna,28/02/2023
,,,,,D3319,Geneva,Dublin,29/11/2022
Stephen Delgado,Milwaukee,61,"Boston, Fort Lauderdale",2,O5145,Milwaukee,Boston,08/03/2023
,,,,,Q8771,Milwaukee,Fort Lauderdale,04/03/2024
Kendra Davis,Oslo,30,"Helsinki, Barcelona, Copenhagen",3,J4571,Oslo,Helsinki,07/01/2023
,,,,,Y2075,Oslo,Barcelona,13/10/2023
,,,,,F6508,Oslo,Copenhagen,21/05/2023
Mr. Peter Hernandez MD,Philadelphia,57,Key West,1,Z2261,Philadelphia,Key West,31/07/2024
David Nichols,Charleston,46,"Tampa, Newport, Denver, Savannah",4,E5273,Charleston,Tampa,06/02/2023
,,,,,Y5631,Charleston,Newport,06/09/2023
,,,,,O1933,Charleston,Denver,06/03/2023
,,,,,U8933,Charleston,Savannah,21/03/2023
Stacy Nelson,Helsinki,62,"Nice, Gothenburg, Tallinn",3,D7004,Helsinki,Nice,22/05/2023
,,,,,V5284,Helsinki,Gothenburg,21/03/2024
,,,,,R3980,Helsinki,Tallinn,18/04/2024
Brian Salinas,Portland,66,"Nashville, Chicago, St. Louis",3,R9654,Portland,Nashville,16/10/2022
,,,,,L8586,Portland,Chicago,16/09/2022
,,,,,E6617,Portland,St. Louis,10/11/2023
Tom Green,London,70,Chicago,1,N6322,London,Chicago,03/12/2023
Jade Woodard,Newport,50,"St. Louis, Krakow, Sacramento, Pittsburgh",4,S4091,Newport,St. Louis,22/04/2024
,,,,,H2943,Newport,Krakow,28/12/2023
,,,,,O7178,Newport,Sacramento,06/03/2023
,,,,,Y8003,Newport,Pittsburgh,11/10/2023
Kelly Rivers,Jacksonville,75,"Miami, Cincinnati",2,Z7101,Jacksonville,Miami,03/03/2024
,,,,,M2843,Jacksonville,Cincinnati,28/06/2023
Todd Phillips,Charleston,28,"Athens, Richmond, Indianapolis",3,X6021,Charleston,Athens,14/02/2024
,,,,,J4245,Charleston,Richmond,20/02/2023
,,,,,Z6151,Charleston,Indianapolis,22/01/2023
Thomas Espinoza,Austin,58,Ljubljana,1,P3224,Austin,Ljubljana,10/12/2023
Angela Ward,Savannah,39,Bologna,1,I4106,Savannah,Bologna,08/01/2023
Patricia Matthews,Madrid,36,"Madrid, Helsinki",2,M9355,Madrid,Madrid,17/03/2024
,,,,,O4699,Madrid,Helsinki,25/05/2024
Patrick Anthony,Istanbul,53,"Berlin, Oslo, Edinburgh, Nice",4,U9156,Istanbul,Berlin,14/11/2023
,,,,,M1656,Istanbul,Oslo,22/02/2023
,,,,,S8852,Istanbul,Edinburgh,05/07/2024
,,,,,Z6266,Istanbul,Nice,17/12/2022
Jessica Snyder,Jacksonville,36,"New Orleans, New Orleans, Salt Lake City, Oklahoma City, Nashville",5,F7204,Jacksonville,New Orleans,24/06/2023
,,,,,Y8163,Jacksonville,New Orleans,27/03/2023
,,,,,T1426,Jacksonville,Salt Lake City,03/01/2023
,,,,,M3786,Jacksonville,Oklahoma City,11/08/2023
,,,,,F2109,Jacksonville,Nashville,04/12/2023
Barbara Mccarthy,Kansas City,65,"Washington, Newport",2,E2630,Kansas City,Washington,30/06/2023
,,,,,Q3624,Kansas City,Newport,21/12/2023
Jamie Owens,Budapest,73,Berlin,1,O9558,Budapest,Berlin,21/01/2024
Victoria Hudson,Oslo,21,Warsaw,1,E8868,Oslo,Warsaw,13/06/2024
Alexander Cherry,Atlanta,30,"Minneapolis, Sacramento, Seattle, Indianapolis",4,W7465,Atlanta,Minneapolis,29/01/2023
,,,,,Y5441,Atlanta,Sacramento,23/02/2024
,,,,,P5953,Atlanta,Seattle,25/07/2024
,,,,,C6754,Atlanta,Indianapolis,11/06/2023
Michael Randall,Baltimore,24,"Los Angeles, San Francisco",2,R4167,Baltimore,Los Angeles,23/01/2024
,,,,,R5936,Baltimore,San Francisco,02/01/2024
Matthew Bass,Vienna,58,"Madrid, Seville, Bratislava",3,Z7703,Vienna,Madrid,19/05/2023
,,,,,R5695,Vienna,Seville,13/09/2023
,,,,,W2794,Vienna,Bratislava,08/03/2024
Damon Lang Jr.,Providence,21,"Atlanta, Cincinnati, Chicago, Dallas",4,C4648,Providence,Atlanta,28/07/2024
,,,,,H7029,Providence,Cincinnati,07/06/2023
,,,,,S3061,Providence,Chicago,08/11/2023
,,,,,J8849,Providence,Dallas,26/09/2023
Jennifer Johnson,Philadelphia,32,"Madrid, Nice, Orlando, Scottsdale, Denver",5,P2538,Philadelphia,Madrid,28/09/2022
,,,,,U5249,Philadelphia,Nice,19/11/2023
,,,,,G5610,Philadelphia,Orlando,21/01/2023
,,,,,T3633,Philadelphia,Scottsdale,22/01/2023
,,,,,O2324,Philadelphia,Denver,08/11/2023
Paul Manning,Richmond,71,"Las Vegas, Los Angeles, Charleston, St. Louis, Kansas City",5,P1991,Richmond,Las Vegas,12/02/2023
,,,,,Q4452,Richmond,Los Angeles,25/07/2023
,,,,,G3218,Richmond,Charleston,22/12/2023
,,,,,S5690,Richmond,St. Louis,12/01/2024
,,,,,K4144,Richmond,Kansas City,17/07/2023
Brenda Richardson,Honolulu,36,"San Francisco, Savannah, Baltimore, Las Vegas",4,B3118,Honolulu,San Francisco,14/09/2022
,,,,,P2504,Honolulu,Savannah,16/12/2023
,,,,,V4583,Honolulu,Baltimore,21/09/2022
,,,,,Y7893,Honolulu,Las Vegas,16/09/2023
Brandon Sanchez,Lyon,51,"Brussels, Cologne",2,U8171,Lyon,Brussels,11/04/2024
,,,,,R6113,Lyon,Cologne,23/06/2023
Jeffery Perez,Santa Fe,29,"Houston, Reykjavik, Las Vegas, Sedona, Houston",5,F7891,Santa Fe,Houston,05/03/2023
,,,,,U7414,Santa Fe,Reykjavik,29/08/2022
,,,,,Y8725,Santa Fe,Las Vegas,13/08/2024
,,,,,N5486,Santa Fe,Sedona,26/03/2024
,,,,,P5287,Santa Fe,Houston,21/05/2023
Megan Morris,San Diego,25,"Milwaukee, Washington, Atlanta",3,D6909,San Diego,Milwaukee,13/01/2024
,,,,,S8201,San Diego,Washington,14/11/2022
,,,,,S4480,San Diego,Atlanta,04/09/2023
Kelly Thompson,Indianapolis,61,"Savannah, Newport, Houston",3,K4045,Indianapolis,Savannah,27/05/2024
,,,,,V5746,Indianapolis,Newport,19/12/2022
,,,,,G2339,Indianapolis,Houston,12/05/2023
Candice Powell,Naples,58,"Zurich, Tallinn, London, Cologne",4,G9630,Naples,Zurich,07/10/2022
,,,,,W5433,Naples,Tallinn,21/08/2023
,,,,,I2925,Naples,London,22/08/2024
,,,,,S2546,Naples,Cologne,25/11/2023
Lori Allen,San Diego,56,"Houston, Dallas, New York, Tampa, Washington",5,N6895,San Diego,Houston,13/09/2023
,,,,,N4821,San Diego,Dallas,30/01/2023
,,,,,N1501,San Diego,New York,27/07/2023
,,,,,P8322,San Diego,Tampa,04/02/2023
,,,,,F1745,San Diego,Washington,12/04/2023
Erika Jackson DDS,Cincinnati,48,"Baltimore, St. Louis",2,J6585,Cincinnati,Baltimore,30/01/2023
,,,,,U2352,Cincinnati,St. Louis,31/03/2023
Deborah Ellis,Budapest,25,"Bordeaux, Cologne",2,A5518,Budapest,Bordeaux,20/01/2024
,,,,,X7103,Budapest,Cologne,16/02/2024
Timothy Russell,Savannah,51,"San Antonio, Miami, Cincinnati, Portland, Houston",5,I1816,Savannah,San Antonio,09/05/2023
,,,,,T5560,Savannah,Miami,27/11/2023
,,,,,M8503,Savannah,Cincinnati,28/09/2022
,,,,,C3865,Savannah,Portland,24/11/2022
,,,,,Y8567,Savannah,Houston,25/10/2023
Wendy Santiago,Ljubljana,46,"Berlin, Luxembourg, Copenhagen, Lisbon",4,E4682,Ljubljana,Berlin,24/05/2023
,,,,,U9911,Ljubljana,Luxembourg,18/03/2023
,,,,,N5882,Ljubljana,Copenhagen,06/03/2023
,,,,,G1525,Ljubljana,Lisbon,29/11/2023
Susan Thomas,Gothenburg,39,"Bergen, Edinburgh",2,D7573,Gothenburg,Bergen,17/02/2023
,,,,,Z7746,Gothenburg,Edinburgh,02/06/2024
Cheryl Berry,Berlin,46,Berlin,1,U7689,Berlin,Berlin,12/11/2023
Debra Young,New Orleans,68,"Charleston, Los Angeles",2,G7866,New Orleans,Charleston,08/06/2023
,,,,,T3835,New Orleans,Los Angeles,25/02/2023
John Nash,Minneapolis,34,Pittsburgh,1,R8924,Minneapolis,Pittsburgh,24/09/2023
Christopher Sanders,Istanbul,18,"Rome, Atlanta, Stockholm, Paris",4,W4030,Istanbul,Rome,16/11/2023
,,,,,K4525,Istanbul,Atlanta,24/09/2022
,,,,,E8754,Istanbul,Stockholm,14/01/2024
,,,,,X3876,Istanbul,Paris,21/09/2023
Cameron Levine,Helsinki,49,"Vienna, Oslo",2,J2292,Helsinki,Vienna,08/05/2023
,,,,,G5860,Helsinki,Oslo,24/05/2023
Penny Moreno,Milwaukee,20,Sedona,1,F9071,Milwaukee,Sedona,19/11/2022
Christina Moore,Ljubljana,41,Athens,1,V3456,Ljubljana,Athens,31/07/2023
Kayla Johnson,Indianapolis,65,"Milwaukee, St. Louis",2,X9787,Indianapolis,Milwaukee,14/06/2023
,,,,,F7240,Indianapolis,St. Louis,19/04/2024
Gregory Monroe,Miami,18,"Houston, Newport",2,V9021,Miami,Houston,26/08/2023
,,,,,S8275,Miami,Newport,02/01/2023
April Rivas,St. Louis,18,"Fort Lauderdale, Las Vegas",2,V4417,St. Louis,Fort Lauderdale,26/11/2023
,,,,,F5731,St. Louis,Las Vegas,24/01/2024
Joshua Gross,Richmond,46,Phoenix,1,D4431,Richmond,Phoenix,21/12/2023
Caroline Gonzalez,Salzburg,31,Seville,1,N7717,Salzburg,Seville,09/10/2022
Jessica Keller MD,San Antonio,43,"Milwaukee, Newport",2,E8177,San Antonio,Milwaukee,26/04/2024
,,,,,A9761,San Antonio,Newport,19/12/2022
Jennifer Frye,San Francisco,19,"Newport, Nashville, Asheville",3,U1944,San Francisco,Newport,06/04/2024
,,,,,V9393,San Francisco,Nashville,26/12/2022
,,,,,O6436,San Francisco,Asheville,14/10/2023
Todd Lee,Baltimore,68,Philadelphia,1,W7974,Baltimore,Philadelphia,05/04/2024
Samantha Turner,Istanbul,18,"Valencia, Bordeaux",2,M8838,Istanbul,Valencia,27/11/2022
,,,,,H4409,Istanbul,Bordeaux,27/11/2023
Mark Patterson,Krakow,66,London,1,J2574,Krakow,London,14/02/2024
Jessica Kennedy,San Jose,46,"Indianapolis, Portland",2,V4337,San Jose,Indianapolis,09/05/2024
,,,,,V5266,San Jose,Portland,12/09/2023
Elizabeth Davis,Charlotte,52,"Honolulu, Indianapolis, Minneapolis, Charleston, Charlotte",5,G3743,Charlotte,Honolulu,09/10/2023
,,,,,P4486,Charlotte,Indianapolis,14/02/2024
,,,,,P4361,Charlotte,Minneapolis,15/06/2024
,,,,,L1256,Charlotte,Charleston,19/06/2024
,,,,,Y3827,Charlotte,Charlotte,02/02/2023
Kelly Ferguson,San Jose,27,Milwaukee,1,U8391,San Jose,Milwaukee,17/08/2024
Michelle Thompson,Nashville,58,"Fort Lauderdale, Sacramento, Denver, Jacksonville",4,X4853,Nashville,Fort Lauderdale,26/12/2023
,,,,,A7463,Nashville,Sacramento,13/07/2023
,,,,,D7371,Nashville,Denver,23/02/2023
,,,,,R8893,Nashville,Jacksonville,14/10/2022
Deborah Mason,Houston,63,"Denver, Los Angeles",2,S5530,Houston,Denver,13/03/2023
,,,,,Z5705,Houston,Los Angeles,02/09/2022
Shane Valenzuela,Kansas City,62,"Indianapolis, Cincinnati, Tampa, Nashville",4,H5248,Kansas City,Indianapolis,14/12/2022
,,,,,O1545,Kansas City,Cincinnati,22/08/2024
,,,,,I3527,Kansas City,Tampa,13/02/2023
,,,,,S5017,Kansas City,Nashville,21/11/2022
Deborah Morales,Naples,35,"Naples, Dubrovnik, Milan, Gothenburg",4,L3908,Naples,Naples,13/08/2024
,,,,,I7429,Naples,Dubrovnik,11/06/2024
,,,,,S5005,Naples,Milan,19/03/2023
,,,,,Y8812,Naples,Gothenburg,19/03/2023
Alan Owens,Istanbul,44,"Bergen, Krakow, Reykjavik, Bordeaux",4,K4551,Istanbul,Bergen,02/04/2024
,,,,,R2216,Istanbul,Krakow,25/04/2024
,,,,,C8313,Istanbul,Reykjavik,01/03/2023
,,,,,Z5488,Istanbul,Bordeaux,12/02/2024
William Ochoa,Salzburg,51,"Berlin, Gothenburg",2,U1342,Salzburg,Berlin,04/06/2024
,,,,,B7081,Salzburg,Gothenburg,05/04/2023
Michael Butler,Charlotte,70,"Austin, Phoenix, Charlotte, Nashville, Sacramento",5,B3816,Charlotte,Austin,21/10/2022
,,,,,V4468,Charlotte,Phoenix,27/05/2023
,,,,,P5816,Charlotte,Charlotte,13/04/2023
,,,,,U5874,Charlotte,Nashville,22/09/2023
,,,,,O5194,Charlotte,Sacramento,19/06/2024
Jasmine Fleming,Porto,53,"Venice, Oslo, Krakow, Warsaw, Madrid",5,L2867,Porto,Venice,13/01/2024
,,,,,D6945,Porto,Oslo,16/07/2024
,,,,,Z2100,Porto,Krakow,22/12/2023
,,,,,N6228,Porto,Warsaw,26/09/2023
,,,,,X4664,Porto,Madrid,19/01/2024
Shannon Trevino,Richmond,26,"Bratislava, Orlando, Richmond, Indianapolis",4,S2686,Richmond,Bratislava,17/09/2022
,,,,,S2132,Richmond,Orlando,29/03/2024
,,,,,Z1214,Richmond,Richmond,14/09/2023
,,,,,B1577,Richmond,Indianapolis,18/09/2022
Christine Bryant,Edinburgh,43,"Amsterdam, Athens",2,Q3005,Edinburgh,Amsterdam,07/04/2023
,,,,,W1066,Edinburgh,Athens,17/11/2022
Jill Long,Los Angeles,48,Pittsburgh,1,H8877,Los Angeles,Pittsburgh,02/01/2024
Cheryl Hawkins,Brussels,60,St. Petersburg,1,H1549,Brussels,St. Petersburg,21/10/2022
Joshua Stanley,Charlotte,32,"Miami, Chicago",2,P9373,Charlotte,Miami,07/09/2022
,,,,,W1257,Charlotte,Chicago,15/01/2023
Barbara Cooper,Atlanta,70,"Jacksonville, Savannah, Boston",3,I2489,Atlanta,Jacksonville,26/11/2022
,,,,,H6288,Atlanta,Savannah,22/11/2023
,,,,,Z1767,Atlanta,Boston,04/03/2023
Heather Peterson,Seattle,46,"Charleston, Houston",2,O6690,Seattle,Charleston,13/05/2023
,,,,,J7254,Seattle,Houston,09/08/2024
Deanna Brown,Stockholm,64,"Sacramento, Salzburg, Barcelona, Dubrovnik, Geneva",5,D1513,Stockholm,Sacramento,26/10/2023
,,,,,R9794,Stockholm,Salzburg,05/08/2023
,,,,,A4399,Stockholm,Barcelona,05/11/2022
,,,,,U5961,Stockholm,Dubrovnik,26/12/2022
,,,,,B3631,Stockholm,Geneva,02/11/2023
Ashley Williams,Salt Lake City,57,"Kansas City, Richmond, Marseille, Honolulu, Key West",5,X5541,Salt Lake City,Kansas City,17/08/2023
,,,,,L8899,Salt Lake City,Richmond,28/09/2022
,,,,,L2190,Salt Lake City,Marseille,10/01/2023
,,,,,Z6715,Salt Lake City,Honolulu,13/03/2024
,,,,,U6248,Salt Lake City,Key West,19/05/2024
Christopher Brown,Asheville,33,Boston,1,D9611,Asheville,Boston,08/01/2024
Alexis Ortiz,Valencia,25,"Reykjavik, Nice",2,N1930,Valencia,Reykjavik,06/04/2023
,,,,,Z6321,Valencia,Nice,29/04/2023
Grant Brown,Oklahoma City,43,"Scottsdale, Santa Fe",2,N7276,Oklahoma City,Scottsdale,08/04/2024
,,,,,I1522,Oklahoma City,Santa Fe,27/10/2023
Crystal Peters,Milwaukee,42,"Los Angeles, Charlotte, Newport, Scottsdale",4,C7384,Milwaukee,Los Angeles,13/04/2023
,,,,,L5444,Milwaukee,Charlotte,16/05/2024
,,,,,E1207,Milwaukee,Newport,09/10/2023
,,,,,X4488,Milwaukee,Scottsdale,01/07/2023
Sarah Martinez,Prague,65,"Brussels, Valencia, Oslo, Budapest",4,H7669,Prague,Brussels,22/11/2022
,,,,,S8597,Prague,Valencia,23/03/2023
,,,,,G1922,Prague,Oslo,10/04/2023
,,,,,S2747,Prague,Budapest,27/04/2023
Martin Costa,Seattle,54,"Los Angeles, Asheville, Portland, Fort Lauderdale, Las Vegas",5,O2070,Seattle,Los Angeles,12/02/2023
,,,,,D3131,Seattle,Asheville,11/11/2022
,,,,,E9555,Seattle,Portland,22/11/2023
,,,,,J6146,Seattle,Fort Lauderdale,13/11/2022
,,,,,E1166,Seattle,Las Vegas,19/01/2024
Adam Johnson,Stockholm,61,"Helsinki, Venice, Venice",3,T8919,Stockholm,Helsinki,10/06/2024
,,,,,J8270,Stockholm,Venice,25/02/2023
,,,,,F6556,Stockholm,Venice,17/05/2024
Dominic Gregory,Salzburg,19,"Vienna, Bordeaux, Zurich, Dallas, Krakow",5,L2235,Salzburg,Vienna,30/01/2023
,,,,,V1337,Salzburg,Bordeaux,11/09/2023
,,,,,K3184,Salzburg,Zurich,01/10/2022
,,,,,J8623,Salzburg,Dallas,26/08/2022
,,,,,U4303,Salzburg,Krakow,24/12/2022
Erin Lane DDS,Lisbon,61,"Houston, Reykjavik, Gothenburg, Moscow",4,O4130,Lisbon,Houston,09/01/2023
,,,,,E3657,Lisbon,Reykjavik,15/02/2024
,,,,,C8052,Lisbon,Gothenburg,12/01/2023
,,,,,Z8505,Lisbon,Moscow,03/10/2023
Karen Paul,Venice,29,"Seville, Munich, Moscow, Luxembourg, Naples",5,S4822,Venice,Seville,17/03/2024
,,,,,O2757,Venice,Munich,15/06/2023
,,,,,Y4427,Venice,Moscow,13/04/2023
,,,,,O9402,Venice,Luxembourg,31/12/2022
,,,,,Y4052,Venice,Naples,07/04/2023
William Kelly,Baltimore,63,"Savannah, Houston, Austin, Santa Fe",4,P9459,Baltimore,Savannah,22/07/2023
,,,,,H3762,Baltimore,Houston,07/03/2024
,,,,,J8811,Baltimore,Austin,25/09/2023
,,,,,O3410,Baltimore,Santa Fe,26/11/2023
Valerie Sandoval,Lisbon,19,"Porto, Budapest",2,T4312,Lisbon,Porto,23/11/2022
,,,,,C9173,Lisbon,Budapest,15/12/2023
Maria Hodges,Marseille,68,"Salzburg, Krakow",2,C8389,Marseille,Salzburg,01/01/2024
,,,,,D4351,Marseille,Krakow,19/07/2023
Nancy Wiley,Las Vegas,59,"Minneapolis, San Diego",2,I8216,Las Vegas,Minneapolis,24/09/2022
,,,,,H9571,Las Vegas,San Diego,04/08/2024
Teresa Thomas,Pittsburgh,64,"Miami, Boston, Portland, Boston, Cincinnati",5,Z8778,Pittsburgh,Miami,20/08/2024
,,,,,O2076,Pittsburgh,Boston,21/09/2023
,,,,,M7887,Pittsburgh,Portland,16/03/2023
,,,,,W8138,Pittsburgh,Boston,26/05/2023
,,,,,O9844,Pittsburgh,Cincinnati,13/11/2023
Mark Lyons,Marseille,35,"Salzburg, Bologna, Moscow",3,J6437,Marseille,Salzburg,14/02/2024
,,,,,T3994,Marseille,Bologna,17/02/2023
,,,,,M3580,Marseille,Moscow,27/12/2023
William Smith,Pittsburgh,44,New Orleans,1,L8771,Pittsburgh,New Orleans,15/05/2024
Benjamin Rowland,Vienna,64,"Barcelona, Barcelona",2,V4214,Vienna,Barcelona,06/11/2023
,,,,,V7391,Vienna,Barcelona,11/02/2023
Stacey Morgan,Stockholm,52,"Porto, Porto",2,X2048,Stockholm,Porto,29/04/2023
,,,,,I7835,Stockholm,Porto,25/02/2024
John Page,San Francisco,27,Key West,1,Y7926,San Francisco,Key West,21/03/2024
Justin Jones,Venice,37,"Berlin, Paris, Paris, Bordeaux",4,Q3141,Venice,Berlin,04/02/2023
,,,,,G6183,Venice,Paris,08/08/2024
,,,,,X4472,Venice,Paris,09/04/2023
,,,,,D6624,Venice,Bordeaux,21/03/2023
Monica Carter,San Diego,68,"Newport, Nashville, Tampa, Santa Fe, Denver",5,D1892,San Diego,Newport,17/07/2024
,,,,,V3429,San Diego,Nashville,18/03/2023
,,,,,Q8164,San Diego,Tampa,31/05/2024
,,,,,J3322,San Diego,Santa Fe,30/06/2024
,,,,,C7758,San Diego,Denver,16/09/2023
Christopher Lamb,Gothenburg,21,"Berlin, Luxembourg, Berlin, Salzburg, Porto",5,N6025,Gothenburg,Berlin,27/02/2023
,,,,,O9374,Gothenburg,Luxembourg,20/10/2022
,,,,,L5231,Gothenburg,Berlin,20/01/2023
,,,,,S5694,Gothenburg,Salzburg,12/02/2023
,,,,,T7725,Gothenburg,Porto,29/05/2023
Brandon Gentry,Salt Lake City,58,"Valencia, Denver, Charleston, Asheville, Minneapolis",5,W3814,Salt Lake City,Valencia,27/06/2023
,,,,,U9038,Salt Lake City,Denver,08/04/2024
,,,,,J5073,Salt Lake City,Charleston,19/08/2024
,,,,,C2104,Salt Lake City,Asheville,17/02/2024
,,,,,K8244,Salt Lake City,Minneapolis,02/05/2024
Matthew Winters,Dubrovnik,58,"Vienna, Charlotte, Bratislava",3,Z9901,Dubrovnik,Vienna,31/07/2023
,,,,,L1427,Dubrovnik,Charlotte,15/06/2023
,,,,,I5165,Dubrovnik,Bratislava,28/11/2023
Rachel Gibson,Munich,48,Edinburgh,1,U9727,Munich,Edinburgh,11/09/2023
Erica Stafford,Cincinnati,20,"Scottsdale, Denver",2,C2790,Cincinnati,Scottsdale,24/02/2024
,,,,,O7889,Cincinnati,Denver,30/03/2023
Destiny Vargas,Warsaw,67,"Munich, Brussels, Geneva",3,J2349,Warsaw,Munich,18/05/2024
,,,,,E8981,Warsaw,Brussels,13/05/2023
,,,,,R1568,Warsaw,Geneva,24/05/2024
Jose Cain,Milan,34,"Bologna, Florence",2,J1988,Milan,Bologna,09/07/2024
,,,,,S9403,Milan,Florence,08/04/2024
Rebecca Jennings,Helsinki,21,"Salzburg, Florence",2,C2104,Helsinki,Salzburg,20/10/2023
,,,,,U9179,Helsinki,Florence,30/05/2024
Joshua Gomez,Nashville,21,"St. Louis, Scottsdale, St. Louis, Charlotte",4,M1921,Nashville,St. Louis,25/03/2024
,,,,,D6631,Nashville,Scottsdale,14/03/2024
,,,,,V1991,Nashville,St. Louis,21/09/2022
,,,,,N8628,Nashville,Charlotte,07/02/2023
Stephen Powell,Malaga,36,"Naples, Bologna, St. Petersburg, Lisbon, Berlin",5,M8078,Malaga,Naples,01/09/2023
,,,,,C5885,Malaga,Bologna,28/11/2022
,,,,,I8451,Malaga,St. Petersburg,01/09/2023
,,,,,I6867,Malaga,Lisbon,09/12/2023
,,,,,J8706,Malaga,Berlin,04/12/2022
Antonio Thompson,Newport,41,"Houston, Milwaukee, Richmond, San Francisco",4,E5769,Newport,Houston,14/10/2022
,,,,,L1570,Newport,Milwaukee,28/02/2024
,,,,,M2914,Newport,Richmond,12/02/2024
,,,,,K4397,Newport,San Francisco,06/05/2023
Julia Reilly,Florence,24,"Krakow, Bergen, Nice, Budapest",4,A2081,Florence,Krakow,30/04/2024
,,,,,O7619,Florence,Bergen,18/11/2023
,,,,,R3167,Florence,Nice,26/07/2024
,,,,,K5421,Florence,Budapest,17/03/2023
Patty Macias,Porto,56,"Florence, Warsaw, Barcelona, Rome",4,A7350,Porto,Florence,17/01/2024
,,,,,Z6956,Porto,Warsaw,11/11/2022
,,,,,L5175,Porto,Barcelona,14/03/2024
,,,,,S3464,Porto,Rome,13/10/2023
Charles Cooke,Minneapolis,25,"Providence, San Antonio, Cincinnati, Charlotte, Atlanta",5,P1046,Minneapolis,Providence,29/07/2023
,,,,,L2807,Minneapolis,San Antonio,11/07/2024
,,,,,H3249,Minneapolis,Cincinnati,06/05/2024
,,,,,G3395,Minneapolis,Charlotte,20/07/2023
,,,,,D4330,Minneapolis,Atlanta,16/03/2024
Anthony Lewis,Boston,39,"Nashville, Charleston, Kansas City, Scottsdale, Newport",5,V7683,Boston,Nashville,03/02/2023
,,,,,N3035,Boston,Charleston,25/08/2024
,,,,,M1275,Boston,Kansas City,15/12/2023
,,,,,P1208,Boston,Scottsdale,10/02/2024
,,,,,K1866,Boston,Newport,02/03/2024
Antonio Richards,Bordeaux,67,Madrid,1,H2102,Bordeaux,Madrid,10/09/2023
Brandon Ray,Salzburg,69,"Stockholm, Ljubljana",2,Z7330,Salzburg,Stockholm,07/12/2022
,,,,,K2402,Salzburg,Ljubljana,05/04/2023
Michael Graham,Prague,32,Florence,1,S3875,Prague,Florence,27/03/2023
Amanda Tanner,Gothenburg,66,"Bologna, Vienna, Zurich, Reykjavik",4,Z6377,Gothenburg,Bologna,22/08/2023
,,,,,Q3885,Gothenburg,Vienna,29/02/2024
,,,,,F2918,Gothenburg,Zurich,06/03/2023
,,,,,C1806,Gothenburg,Reykjavik,29/01/2024
Craig Gonzalez,Scottsdale,74,"Key West, Indianapolis, Savannah, Salt Lake City, Indianapolis",5,J9563,Scottsdale,Key West,09/04/2024
,,,,,W6952,Scottsdale,Indianapolis,12/12/2023
,,,,,J1128,Scottsdale,Savannah,26/12/2022
,,,,,E1822,Scottsdale,Salt Lake City,31/01/2023
,,,,,I4592,Scottsdale,Indianapolis,11/02/2023
Tammie Cline,Brussels,39,"Cologne, Bratislava",2,N8299,Brussels,Cologne,19/10/2022
,,,,,J2636,Brussels,Bratislava,18/03/2023
Jason Payne,Zurich,66,Rome,1,S2531,Zurich,Rome,19/08/2023
Heather Gilmore,Bordeaux,37,"Istanbul, Barcelona",2,W1157,Bordeaux,Istanbul,31/03/2023
,,,,,T3755,Bordeaux,Barcelona,28/07/2023
Paul Gonzalez,Charlotte,69,"Newport, San Jose, New Orleans",3,R7793,Charlotte,Newport,21/09/2022
,,,,,V5289,Charlotte,San Jose,27/03/2024
,,,,,L2962,Charlotte,New Orleans,08/08/2023
Jacqueline Gonzales,Jacksonville,21,Kansas City,1,E5378,Jacksonville,Kansas City,07/10/2022
Megan Porter,San Jose,51,"Richmond, Philadelphia, Richmond, Miami",4,E5868,San Jose,Richmond,24/09/2022
,,,,,C3873,San Jose,Philadelphia,30/09/2023
,,,,,O4681,San Jose,Richmond,01/08/2024
,,,,,L2317,San Jose,Miami,22/07/2023
Joseph Bullock,Honolulu,53,Kansas City,1,Z9494,Honolulu,Kansas City,03/12/2022
Cody Figueroa,Sacramento,41,"Baltimore, Phoenix, Oslo, Charleston, San Francisco",5,M6708,Sacramento,Baltimore,25/10/2023
,,,,,Q4058,Sacramento,Phoenix,27/07/2024
,,,,,O7743,Sacramento,Oslo,17/03/2024
,,,,,Y8596,Sacramento,Charleston,15/04/2024
,,,,,F3396,Sacramento,San Francisco,22/10/2023
Stephanie Berger,Bratislava,75,"Bratislava, Naples",2,A2289,Bratislava,Bratislava,14/11/2022
,,,,,R9357,Bratislava,Naples,17/05/2023
Brent Russell,Atlanta,26,"Honolulu, Austin, Orlando, Austin",4,K3520,Atlanta,Honolulu,12/04/2024
,,,,,A3265,Atlanta,Austin,13/07/2024
,,,,,X4795,Atlanta,Orlando,06/02/2024
,,,,,V4100,Atlanta,Austin,04/07/2023
Lauren Bowman,Barcelona,64,"Malaga, Vienna, Oslo, Madrid, Milan",5,M3822,Barcelona,Malaga,05/03/2023
,,,,,N1035,Barcelona,Vienna,27/06/2023
,,,,,K6438,Barcelona,Oslo,03/12/2022
,,,,,D1133,Barcelona,Madrid,27/08/2022
,,,,,A5758,Barcelona,Milan,03/05/2024
Donald Graham,Rome,46,"Berlin, Dubrovnik, Stockholm",3,F5884,Rome,Berlin,24/07/2023
,,,,,E4458,Rome,Dubrovnik,19/07/2023
,,,,,I3722,Rome,Stockholm,10/07/2023
Andrew Gray,Dubrovnik,63,"St. Petersburg, Madrid, Nice",3,Q3267,Dubrovnik,St. Petersburg,10/02/2024
,,,,,R2645,Dubrovnik,Madrid,22/01/2023
,,,,,X7493,Dubrovnik,Nice,05/09/2023
Matthew Carey,London,35,Bratislava,1,E8785,London,Bratislava,17/04/2023
Francis Dawson,Milwaukee,46,"Santa Fe, Savannah, Atlanta",3,P4094,Milwaukee,Santa Fe,08/07/2023
,,,,,M3155,Milwaukee,Savannah,06/05/2024
,,,,,H7904,Milwaukee,Atlanta,24/04/2024
Lauren Jensen,Valencia,40,"Lisbon, Krakow, Marseille, London, Krakow",5,N6933,Valencia,Lisbon,31/05/2023
,,,,,K9316,Valencia,Krakow,30/08/2022
,,,,,G7919,Valencia,Marseille,09/07/2024
,,,,,T4277,Valencia,London,29/03/2023
,,,,,F1436,Valencia,Krakow,13/10/2022
Lee Kim,Kansas City,32,Key West,1,A2280,Kansas City,Key West,18/03/2024
Felicia Harris,Istanbul,45,"Zurich, Brussels, Vienna, Nice, St. Petersburg",5,L6800,Istanbul,Zurich,17/08/2023
,,,,,W7059,Istanbul,Brussels,22/10/2022
,,,,,L1290,Istanbul,Vienna,08/03/2023
,,,,,M1194,Istanbul,Nice,18/01/2024
,,,,,D5445,Istanbul,St. Petersburg,19/10/2022
Richard Johnson,New Orleans,27,"Portland, Las Vegas, Phoenix",3,Z4155,New Orleans,Portland,02/03/2023
,,,,,F1601,New Orleans,Las Vegas,05/02/2023
,,,,,O9506,New Orleans,Phoenix,29/09/2023
Mrs. Theresa Gates,Seville,42,"Ljubljana, Valencia, Valencia, Reykjavik, San Jose",5,Q4048,Seville,Ljubljana,08/01/2024
,,,,,H8831,Seville,Valencia,08/02/2023
,,,,,M4799,Seville,Valencia,23/01/2023
,,,,,J8619,Seville,Reykjavik,15/07/2023
,,,,,I4267,Seville,San Jose,05/12/2022
Laura Gutierrez,St. Petersburg,33,"Oslo, Stockholm",2,D4295,St. Petersburg,Oslo,29/01/2023
,,,,,C4486,St. Petersburg,Stockholm,17/05/2023
Ian Ford,Key West,24,"Savannah, Savannah, Sacramento, Savannah",4,G3453,Key West,Savannah,03/10/2022
,,,,,S8517,Key West,Savannah,14/10/2022
,,,,,D9058,Key West,Sacramento,06/08/2024
,,,,,L8842,Key West,Savannah,23/06/2024
Jacob Duffy,Jacksonville,34,"Key West, Tampa",2,W1824,Jacksonville,Key West,05/01/2023
,,,,,B5855,Jacksonville,Tampa,26/04/2024
Seth Gonzalez,Miami,63,"San Diego, Minneapolis, Orlando, Boston",4,S2921,Miami,San Diego,07/10/2022
,,,,,B5816,Miami,Minneapolis,07/01/2024
,,,,,N1177,Miami,Orlando,02/11/2023
,,,,,D5963,Miami,Boston,12/06/2024
Melissa Buckley,Istanbul,65,"London, Cologne",2,I2065,Istanbul,London,17/04/2023
,,,,,T6325,Istanbul,Cologne,07/06/2024
Shelby Powell,Cincinnati,42,"Kansas City, Savannah, Asheville, Jacksonville",4,E6212,Cincinnati,Kansas City,18/03/2023
,,,,,B1493,Cincinnati,Savannah,29/09/2023
,,,,,E8133,Cincinnati,Asheville,29/08/2023
,,,,,E6894,Cincinnati,Jacksonville,02/07/2023
Drew Daniels,Baltimore,72,"Salt Lake City, Denver, Key West, Los Angeles, Dublin",5,V5109,Baltimore,Salt Lake City,18/10/2023
,,,,,N7872,Baltimore,Denver,08/08/2024
,,,,,Q7535,Baltimore,Key West,02/06/2023
,,,,,S6909,Baltimore,Los Angeles,12/05/2023
,,,,,A7451,Baltimore,Dublin,12/04/2023
Ronald Adams,Helsinki,46,"Madrid, Tallinn, Marseille, Florence, Zurich",5,D7096,Helsinki,Madrid,25/11/2023
,,,,,E6153,Helsinki,Tallinn,22/11/2022
,,,,,O5691,Helsinki,Marseille,01/07/2024
,,,,,Z1310,Helsinki,Florence,20/02/2024
,,,,,Y9744,Helsinki,Zurich,02/03/2023
Ricky Ferrell,Savannah,42,"Los Angeles, Salt Lake City",2,K5842,Savannah,Los Angeles,29/01/2024
,,,,,Z5622,Savannah,Salt Lake City,04/08/2023
Gregory Jones,Madrid,34,"Brussels, Budapest, Athens",3,G7632,Madrid,Brussels,17/08/2023
,,,,,B4047,Madrid,Budapest,24/06/2023
,,,,,V5582,Madrid,Athens,21/12/2022
Mary Ward,Oslo,34,"St. Petersburg, Nice, Venice, Milan, Paris",5,N4679,Oslo,St. Petersburg,31/03/2023
,,,,,A5461,Oslo,Nice,19/01/2024
,,,,,B9307,Oslo,Venice,03/09/2022
,,,,,H9427,Oslo,Milan,15/12/2022
,,,,,W4747,Oslo,Paris,24/12/2023
Dustin Castillo,Boston,38,"Cincinnati, Phoenix, Tampa",3,Q7381,Boston,Cincinnati,06/05/2024
,,,,,Q1768,Boston,Phoenix,15/02/2024
,,,,,V5566,Boston,Tampa,29/08/2022
Lindsey Bennett,Vienna,29,"Helsinki, Milan, Berlin, Cologne",4,S6762,Vienna,Helsinki,30/01/2023
,,,,,O6892,Vienna,Milan,18/03/2023
,,,,,S6322,Vienna,Berlin,30/12/2022
,,,,,O1105,Vienna,Cologne,07/10/2022
Matthew Smith,Richmond,18,"Key West, Sedona",2,L8643,Richmond,Key West,15/04/2024
,,,,,C6718,Richmond,Sedona,18/09/2023
Christine Mueller,Stockholm,47,"Scottsdale, Madrid, Las Vegas",3,Z7919,Stockholm,Scottsdale,05/11/2022
,,,,,G8348,Stockholm,Madrid,16/01/2023
,,,,,Q4934,Stockholm,Las Vegas,17/06/2024
Donna Murray,New York,18,"Atlanta, Denver, Baltimore",3,S4158,New York,Atlanta,26/06/2023
,,,,,E1192,New York,Denver,20/01/2023
,,,,,R7027,New York,Baltimore,05/03/2024
Catherine Allen,Istanbul,58,"Krakow, London, Istanbul",3,P2243,Istanbul,Krakow,06/05/2024
,,,,,W9318,Istanbul,London,18/10/2023
,,,,,I6052,Istanbul,Istanbul,16/07/2023
Jessica Hernandez,Bordeaux,27,"Zurich, Washington",2,G3808,Bordeaux,Zurich,30/03/2024
,,,,,K4898,Bordeaux,Washington,05/12/2023
Michael Gibson,Athens,59,"Vienna, Dubrovnik, Vienna, Lisbon",4,C2560,Athens,Vienna,21/06/2024
,,,,,S4697,Athens,Dubrovnik,11/11/2023
,,,,,S5890,Athens,Vienna,31/12/2023
,,,,,T8480,Athens,Lisbon,05/02/2024
Katie Collins,Bologna,29,"Dubrovnik, Geneva, Edinburgh, Nice, Bologna",5,M1779,Bologna,Dubrovnik,03/08/2023
,,,,,D9990,Bologna,Geneva,11/02/2024
,,,,,H8440,Bologna,Edinburgh,11/01/2023
,,,,,J9970,Bologna,Nice,20/05/2024
,,,,,X4475,Bologna,Bologna,08/11/2022
Michael Santiago,Nashville,65,"Cincinnati, Savannah, Honolulu, Milwaukee, Charlotte",5,C1837,Nashville,Cincinnati,08/07/2024
,,,,,R5217,Nashville,Savannah,28/07/2023
,,,,,J5583,Nashville,Honolulu,04/12/2022
,,,,,C6893,Nashville,Milwaukee,26/12/2023
,,,,,P1057,Nashville,Charlotte,22/11/2023
Anna Payne,Helsinki,31,Rome,1,V9532,Helsinki,Rome,10/10/2023
Kathryn Cardenas,Salzburg,68,Naples,1,P3609,Salzburg,Naples,25/05/2024
Brian Ross,Copenhagen,73,"Tallinn, Marseille",2,J7858,Copenhagen,Tallinn,23/08/2024
,,,,,Z6741,Copenhagen,Marseille,24/03/2024
Robert Le,Porto,62,"Savannah, Dallas, Venice, Madrid",4,P6815,Porto,Savannah,20/10/2022
,,,,,H5111,Porto,Dallas,02/08/2024
,,,,,S7494,Porto,Venice,09/05/2023
,,,,,A7132,Porto,Madrid,01/02/2023
Leslie Quinn,Florence,62,"Salzburg, Warsaw, Bergen, Porto, Copenhagen",5,I2156,Florence,Salzburg,14/04/2023
,,,,,S7297,Florence,Warsaw,24/04/2024
,,,,,O7986,Florence,Bergen,15/01/2023
,,,,,F8290,Florence,Porto,29/12/2022
,,,,,G7386,Florence,Copenhagen,08/11/2023
Jose Nixon,Los Angeles,39,"New Orleans, Austin, Kansas City, Luxembourg, Jacksonville",5,Z6543,Los Angeles,New Orleans,30/12/2022
,,,,,L1768,Los Angeles,Austin,29/07/2023
,,,,,Q8198,Los Angeles,Kansas City,10/01/2023
,,,,,G2235,Los Angeles,Luxembourg,13/10/2022
,,,,,T7452,Los Angeles,Jacksonville,20/03/2024
Richard Armstrong PhD,Bratislava,38,"Gothenburg, Dublin, Lyon, Dubrovnik, Warsaw",5,H5988,Bratislava,Gothenburg,16/03/2023
,,,,,L4306,Bratislava,Dublin,24/02/2024
,,,,,W7976,Bratislava,Lyon,25/10/2023
,,,,,O1928,Bratislava,Dubrovnik,19/08/2023
,,,,,H3520,Bratislava,Warsaw,20/06/2024
Trevor Nguyen,Moscow,48,London,1,P8849,Moscow,London,06/07/2024
David Mccann,Madrid,46,"Warsaw, Gothenburg, Florence",3,O5825,Madrid,Warsaw,26/12/2022
,,,,,G7640,Madrid,Gothenburg,18/04/2024
,,,,,O5054,Madrid,Florence,17/07/2024
Jon Hughes,Oslo,64,"Porto, Berlin, Bergen, Budapest, San Jose",5,W5373,Oslo,Porto,12/03/2024
,,,,,A2114,Oslo,Berlin,24/04/2023
,,,,,A3288,Oslo,Bergen,01/06/2023
,,,,,H1786,Oslo,Budapest,05/02/2023
,,,,,L3629,Oslo,San Jose,13/01/2024
Travis Solis,San Diego,53,"Miami, Los Angeles, Asheville, Malaga, Charleston",5,X7908,San Diego,Miami,13/11/2022
,,,,,E1072,San Diego,Los Angeles,29/09/2022
,,,,,T9089,San Diego,Asheville,30/10/2023
,,,,,M8571,San Diego,Malaga,04/02/2023
,,,,,T9988,San Diego,Charleston,22/08/2023
Elizabeth Olson,Seattle,21,"Milwaukee, Oklahoma City, New Orleans",3,A9123,Seattle,Milwaukee,01/06/2023
,,,,,W9452,Seattle,Oklahoma City,01/04/2023
,,,,,C5234,Seattle,New Orleans,27/01/2023
Brian Clark,Krakow,33,Moscow,1,T1389,Krakow,Moscow,16/12/2023
Christopher Villanueva,Asheville,22,"Seattle, Newport, Krakow",3,M5234,Asheville,Seattle,29/05/2023
,,,,,U3083,Asheville,Newport,31/12/2022
,,,,,D2419,Asheville,Krakow,16/06/2023
Thomas Alvarez,Valencia,34,Cologne,1,V9752,Valencia,Cologne,27/08/2022
Andrew Mccoy,Salzburg,38,"Budapest, Bordeaux, Dubrovnik, Edinburgh",4,U5547,Salzburg,Budapest,10/08/2024
,,,,,M4932,Salzburg,Bordeaux,22/09/2022
,,,,,Z2528,Salzburg,Dubrovnik,07/05/2024
,,,,,Q2497,Salzburg,Edinburgh,26/01/2024
Sherri Shah,Helsinki,67,Luxembourg,1,R2054,Helsinki,Luxembourg,22/07/2023
Christina Jones,Fort Lauderdale,25,"Portland, Sedona, Philadelphia, Philadelphia",4,E6714,Fort Lauderdale,Portland,08/01/2023
,,,,,U5598,Fort Lauderdale,Sedona,09/08/2024
,,,,,W7351,Fort Lauderdale,Philadelphia,05/02/2024
,,,,,A8888,Fort Lauderdale,Philadelphia,12/11/2022
Brian Thomas,Philadelphia,36,"Washington, Austin, San Jose, Jacksonville",4,P6158,Philadelphia,Washington,07/02/2024
,,,,,D9114,Philadelphia,Austin,08/01/2024
,,,,,O4237,Philadelphia,San Jose,18/03/2023
,,,,,D7699,Philadelphia,Jacksonville,02/07/2024
Mr. Aaron Johnson II,Gothenburg,66,"Seville, Copenhagen",2,L6452,Gothenburg,Seville,13/11/2022
,,,,,Y2085,Gothenburg,Copenhagen,11/04/2024
Christopher Pratt,Austin,38,Jacksonville,1,W8154,Austin,Jacksonville,23/01/2024
Tiffany Oliver,Minneapolis,47,"Asheville, Los Angeles, Charlotte",3,A6457,Minneapolis,Asheville,16/08/2023
,,,,,A2542,Minneapolis,Los Angeles,10/06/2023
,,,,,F9550,Minneapolis,Charlotte,27/02/2023
Crystal Anderson,Asheville,26,"Atlanta, Newport, Jacksonville, Kansas City",4,E4285,Asheville,Atlanta,06/04/2023
,,,,,T7973,Asheville,Newport,05/03/2023
,,,,,V9094,Asheville,Jacksonville,08/05/2023
,,,,,W6052,Asheville,Kansas City,22/02/2023
Lee Gutierrez,Luxembourg,30,"London, Bratislava, Reykjavik, Bordeaux",4,T5384,Luxembourg,London,09/04/2023
,,,,,M8468,Luxembourg,Bratislava,17/01/2023
,,,,,B6142,Luxembourg,Reykjavik,11/07/2024
,,,,,X6480,Luxembourg,Bordeaux,20/12/2022
Hayley Haynes,Nashville,40,Salt Lake City,1,O6196,Nashville,Salt Lake City,25/10/2023
Amanda Parks,Tallinn,42,"Rome, Edinburgh, Krakow, Ljubljana",4,W2163,Tallinn,Rome,18/10/2022
,,,,,Z1450,Tallinn,Edinburgh,12/08/2023
,,,,,Y7999,Tallinn,Krakow,04/06/2023
,,,,,C2959,Tallinn,Ljubljana,17/09/2023
Lauren Murray,Prague,28,"Barcelona, Seville",2,B3176,Prague,Barcelona,09/04/2023
,,,,,S3755,Prague,Seville,04/08/2023
Courtney Clark,Naples,73,London,1,X3359,Naples,London,04/07/2023
Cody Hunter,Venice,71,Amsterdam,1,F5660,Venice,Amsterdam,18/02/2023
Craig Holland,Geneva,45,"Venice, Lisbon, Amsterdam, Zurich",4,U4274,Geneva,Venice,09/12/2023
,,,,,F3626,Geneva,Lisbon,06/09/2023
,,,,,G9437,Geneva,Amsterdam,08/01/2023
,,,,,D6155,Geneva,Zurich,15/11/2023
Jason Bonilla,Geneva,58,"Krakow, Salzburg",2,D5870,Geneva,Krakow,18/11/2022
,,,,,R8149,Geneva,Salzburg,12/05/2023
Brandon Johnston,Sedona,60,Sacramento,1,B5398,Sedona,Sacramento,18/02/2024
Joshua Hill,Honolulu,36,"Baltimore, San Francisco, Munich, Miami",4,N9213,Honolulu,Baltimore,05/09/2022
,,,,,G7730,Honolulu,San Francisco,10/10/2022
,,,,,D6038,Honolulu,Munich,21/01/2023
,,,,,G1993,Honolulu,Miami,20/11/2022
Raymond Mccann,Geneva,28,"St. Petersburg, Bergen",2,O6342,Geneva,St. Petersburg,19/06/2024
,,,,,E5072,Geneva,Bergen,27/11/2022
Matthew Floyd,Charlotte,28,"San Diego, Dallas",2,Q1274,Charlotte,San Diego,20/07/2023
,,,,,V3406,Charlotte,Dallas,12/04/2024
Ashley Hughes,New Orleans,30,"Lisbon, Seattle",2,C1658,New Orleans,Lisbon,24/03/2024
,,,,,L6483,New Orleans,Seattle,28/08/2022
Debra Hines,Milwaukee,56,"Salt Lake City, Charlotte, Phoenix, Minneapolis",4,T5189,Milwaukee,Salt Lake City,20/07/2024
,,,,,Q1988,Milwaukee,Charlotte,07/11/2022
,,,,,A9836,Milwaukee,Phoenix,01/08/2023
,,,,,L8476,Milwaukee,Minneapolis,16/11/2023
Brian Chaney,Copenhagen,44,"Athens, Barcelona",2,G9651,Copenhagen,Athens,19/01/2023
,,,,,B1303,Copenhagen,Barcelona,16/12/2022
Sandra Leonard,Munich,36,"London, Tallinn, Berlin",3,A5095,Munich,London,13/03/2024
,,,,,A7944,Munich,Tallinn,26/12/2023
,,,,,Y9551,Munich,Berlin,18/08/2024
Robert Robinson DDS,Prague,26,"Geneva, Prague, Geneva, Brussels",4,E1555,Prague,Geneva,19/08/2023
,,,,,B2632,Prague,Prague,24/10/2022
,,,,,H8524,Prague,Geneva,27/10/2023
,,,,,Q1795,Prague,Brussels,04/08/2024
Erin Daniel,Prague,74,"Barcelona, Warsaw, Tallinn, Bergen",4,C2232,Prague,Barcelona,03/07/2023
,,,,,G4078,Prague,Warsaw,12/11/2022
,,,,,G3484,Prague,Tallinn,20/02/2023
,,,,,L5749,Prague,Bergen,07/04/2023
Cynthia Leach,Dublin,44,"Rome, Dubrovnik",2,F7173,Dublin,Rome,25/11/2022
,,,,,S7808,Dublin,Dubrovnik,04/10/2022
Matthew Allen,Seattle,52,"Atlanta, San Francisco",2,S2791,Seattle,Atlanta,30/06/2023
,,,,,C6183,Seattle,San Francisco,23/08/2023
Shane Lam,Savannah,23,"Las Vegas, Boston",2,B4777,Savannah,Las Vegas,14/07/2023
,,,,,M3081,Savannah,Boston,20/01/2024
Jeffery Jimenez III,St. Louis,24,"New York, Budapest, Oklahoma City",3,D6327,St. Louis,New York,03/10/2023
,,,,,R2559,St. Louis,Budapest,10/09/2022
,,,,,R2102,St. Louis,Oklahoma City,04/11/2023
Jamie Wilson,Porto,65,"Malaga, Rome",2,X6566,Porto,Malaga,20/08/2023
,,,,,V2077,Porto,Rome,20/08/2024
Pamela Nguyen,Jacksonville,32,"Washington, Atlanta",2,W3087,Jacksonville,Washington,04/09/2023
,,,,,S2810,Jacksonville,Atlanta,10/05/2024
Ashley Williams,Oslo,71,"Seville, Salzburg, Athens, St. Petersburg, Salzburg",5,B1385,Oslo,Seville,05/01/2023
,,,,,Q7091,Oslo,Salzburg,07/01/2023
,,,,,N1238,Oslo,Athens,05/10/2023
,,,,,V4026,Oslo,St. Petersburg,24/06/2023
,,,,,J6063,Oslo,Salzburg,29/09/2022
Anthony Maldonado,Boston,54,"Phoenix, San Diego, Charleston, Jacksonville",4,K4836,Boston,Phoenix,13/08/2024
,,,,,U2605,Boston,San Diego,26/05/2023
,,,,,O4533,Boston,Charleston,19/03/2023
,,,,,D1192,Boston,Jacksonville,15/11/2023
Christopher Keith,Scottsdale,30,"Salt Lake City, San Antonio, Portland",3,K5670,Scottsdale,Salt Lake City,24/09/2022
,,,,,K5971,Scottsdale,San Antonio,03/02/2024
,,,,,Y7206,Scottsdale,Portland,20/10/2022
George Palmer,Philadelphia,51,"Providence, Sacramento",2,Q6240,Philadelphia,Providence,20/05/2024
,,,,,L7036,Philadelphia,Sacramento,17/05/2024
Dan Mcclure,Minneapolis,49,"Edinburgh, Portland",2,D8381,Minneapolis,Edinburgh,01/06/2023
,,,,,H7213,Minneapolis,Portland,29/11/2023
Dennis Gonzalez,Chicago,71,"Philadelphia, Tampa, Milwaukee, Asheville, Charleston",5,U1831,Chicago,Philadelphia,11/02/2023
,,,,,Y9224,Chicago,Tampa,18/09/2023
,,,,,B4591,Chicago,Milwaukee,11/07/2023
,,,,,K7756,Chicago,Asheville,20/10/2023
,,,,,U4157,Chicago,Charleston,20/07/2024
Michael Meza,Luxembourg,53,"Istanbul, Brussels",2,S5053,Luxembourg,Istanbul,09/06/2023
,,,,,V3353,Luxembourg,Brussels,03/10/2023
Julian Bradley,Portland,33,"Orlando, Savannah, San Francisco, Sedona",4,A8757,Portland,Orlando,24/08/2024
,,,,,W2596,Portland,Savannah,11/07/2023
,,,,,E1307,Portland,San Francisco,16/11/2023
,,,,,S5470,Portland,Sedona,21/10/2022
Wanda Smith,Charleston,48,"New Orleans, Sacramento, Honolulu, Minneapolis, Newport",5,R3366,Charleston,New Orleans,07/04/2024
,,,,,K3333,Charleston,Sacramento,10/02/2023
,,,,,F7577,Charleston,Honolulu,31/08/2022
,,,,,S5723,Charleston,Minneapolis,10/05/2023
,,,,,H6963,Charleston,Newport,03/11/2022
Joseph James,Philadelphia,53,"San Jose, Las Vegas, Newport",3,L3944,Philadelphia,San Jose,12/12/2022
,,,,,N8524,Philadelphia,Las Vegas,26/10/2023
,,,,,B9941,Philadelphia,Newport,05/01/2023
Vincent Valdez,Las Vegas,42,"Atlanta, Dallas, Philadelphia",3,T2866,Las Vegas,Atlanta,17/01/2023
,,,,,T6418,Las Vegas,Dallas,10/12/2022
,,,,,S9121,Las Vegas,Philadelphia,15/07/2024
Kevin Morton,New Orleans,68,"Florence, Portland, Boston, New Orleans, San Francisco",5,U2960,New Orleans,Florence,23/10/2022
,,,,,W5737,New Orleans,Portland,16/06/2023
,,,,,X8110,New Orleans,Boston,22/12/2023
,,,,,Q9209,New Orleans,New Orleans,08/03/2024
,,,,,K1834,New Orleans,San Francisco,25/03/2024
John Griffin,Chicago,23,"Bologna, Providence, Seattle, Miami, Fort Lauderdale",5,E7473,Chicago,Bologna,28/07/2023
,,,,,F1004,Chicago,Providence,15/03/2023
,,,,,M5710,Chicago,Seattle,07/01/2023
,,,,,M2304,Chicago,Miami,04/02/2023
,,,,,W8960,Chicago,Fort Lauderdale,14/03/2024
Roger Gonzalez,Venice,30,"Istanbul, Seville, Oslo, Istanbul",4,I1649,Venice,Istanbul,21/09/2022
,,,,,P8278,Venice,Seville,03/12/2023
,,,,,K4353,Venice,Oslo,16/10/2022
,,,,,B4779,Venice,Istanbul,13/03/2024
Kara Glover,Krakow,32,"Valencia, Nice",2,J7264,Krakow,Valencia,07/11/2023
,,,,,Z6376,Krakow,Nice,01/06/2024
Amber Johnson,Houston,56,"Fort Lauderdale, San Antonio, Nashville, Los Angeles",4,V8918,Houston,Fort Lauderdale,08/09/2023
,,,,,T6527,Houston,San Antonio,06/11/2022
,,,,,D2089,Houston,Nashville,27/10/2022
,,,,,F9926,Houston,Los Angeles,01/02/2023
Rachel Mccarthy,Brussels,37,"Atlanta, Amsterdam, Bergen, Dublin",4,Y4793,Brussels,Atlanta,31/12/2023
,,,,,B2840,Brussels,Amsterdam,28/05/2023
,,,,,X1399,Brussels,Bergen,09/07/2024
,,,,,B6771,Brussels,Dublin,25/01/2024
Alejandro Benson,Denver,39,Atlanta,1,Z4403,Denver,Atlanta,01/01/2023
Beth Griffin,New Orleans,57,"Houston, New Orleans",2,N4539,New Orleans,Houston,11/01/2024
,,,,,E5957,New Orleans,New Orleans,17/09/2022
Adam Cochran,Seville,59,"Valencia, Rome",2,U9854,Seville,Valencia,06/08/2023
,,,,,E1411,Seville,Rome,09/12/2023
Vincent Thompson,Nice,40,"Florence, Ljubljana",2,P5842,Nice,Florence,13/08/2024
,,,,,M1250,Nice,Ljubljana,03/10/2022
Erin Summers,Dallas,57,"Baltimore, Sacramento, San Jose, New York, Charleston",5,B2402,Dallas,Baltimore,26/07/2023
,,,,,O5272,Dallas,Sacramento,03/01/2024
,,,,,C1050,Dallas,San Jose,05/09/2022
,,,,,B8660,Dallas,New York,11/07/2023
,,,,,P6892,Dallas,Charleston,06/07/2023
Alex Long,Munich,64,Nice,1,W5618,Munich,Nice,17/01/2024
Kevin Bender,Oklahoma City,60,Cincinnati,1,H8034,Oklahoma City,Cincinnati,06/04/2023
Jorge Berger,San Antonio,46,"Las Vegas, Asheville, Baltimore, Gothenburg, San Antonio",5,X9081,San Antonio,Las Vegas,27/05/2024
,,,,,V7620,San Antonio,Asheville,13/07/2023
,,,,,X8100,San Antonio,Baltimore,11/10/2022
,,,,,M7319,San Antonio,Gothenburg,16/02/2023
,,,,,G4914,San Antonio,San Antonio,27/02/2023
Michael Robbins,Zurich,31,"Porto, Bergen, Charlotte, Prague, Dubrovnik",5,I2357,Zurich,Porto,03/08/2024
,,,,,G6051,Zurich,Bergen,15/11/2022
,,,,,U4675,Zurich,Charlotte,29/08/2023
,,,,,D5465,Zurich,Prague,17/06/2024
,,,,,J6471,Zurich,Dubrovnik,01/06/2024
Brenda Dominguez,Scottsdale,69,"Kansas City, Atlanta, Los Angeles",3,Z8928,Scottsdale,Kansas City,04/02/2023
,,,,,A1412,Scottsdale,Atlanta,21/08/2023
,,,,,Q8648,Scottsdale,Los Angeles,31/12/2022
Justin Mejia,Key West,32,"Phoenix, Cincinnati, Salt Lake City, Las Vegas",4,T8099,Key West,Phoenix,23/12/2023
,,,,,I7697,Key West,Cincinnati,29/08/2023
,,,,,K3069,Key West,Salt Lake City,06/12/2022
,,,,,N6520,Key West,Las Vegas,06/11/2023
Matthew Long,Gothenburg,45,"Minneapolis, Warsaw, Gothenburg",3,L3427,Gothenburg,Minneapolis,31/01/2023
,,,,,U2757,Gothenburg,Warsaw,28/01/2024
,,,,,X6987,Gothenburg,Gothenburg,26/01/2023
Amanda Barton,Atlanta,61,"Charleston, Baltimore",2,U1595,Atlanta,Charleston,24/03/2024
,,,,,V6994,Atlanta,Baltimore,27/01/2024
Mr. Thomas Norris,Asheville,25,"Seattle, Baltimore",2,N7742,Asheville,Seattle,21/01/2024
,,,,,C4973,Asheville,Baltimore,30/01/2024
Corey Massey,Luxembourg,67,Rome,1,G9824,Luxembourg,Rome,02/09/2023
Kenneth Alvarez,Oklahoma City,41,"New Orleans, Boston",2,E8076,Oklahoma City,New Orleans,01/07/2024
,,,,,Y6128,Oklahoma City,Boston,01/10/2023
Alexis Morrison,New York,30,"Washington, Dallas, Baltimore, Washington",4,U2415,New York,Washington,02/01/2024
,,,,,R7572,New York,Dallas,28/03/2024
,,,,,S8024,New York,Baltimore,30/10/2023
,,,,,U8715,New York,Washington,24/05/2023
April Baker,Asheville,51,"Savannah, Austin",2,J4514,Asheville,Savannah,28/01/2023
,,,,,H1349,Asheville,Austin,19/05/2024
Nathan Roberts,San Antonio,75,"Oklahoma City, Key West, Dallas",3,N6931,San Antonio,Oklahoma City,12/05/2024
,,,,,S4830,San Antonio,Key West,22/07/2024
,,,,,X7943,San Antonio,Dallas,11/11/2022
Christopher Lopez,Los Angeles,32,"Asheville, Dallas, Pittsburgh, Atlanta",4,K1680,Los Angeles,Asheville,25/08/2023
,,,,,M3450,Los Angeles,Dallas,20/02/2024
,,,,,E5749,Los Angeles,Pittsburgh,09/05/2024
,,,,,C8560,Los Angeles,Atlanta,15/09/2023
Christian Morales,Venice,48,Bergen,1,O5870,Venice,Bergen,07/06/2024
Julie Kim,Nice,39,"Tallinn, Madrid, Copenhagen, Seville",4,E3969,Nice,Tallinn,25/07/2023
,,,,,M2535,Nice,Madrid,14/08/2024
,,,,,Q3275,Nice,Copenhagen,21/06/2023
,,,,,Q8261,Nice,Seville,26/10/2022
